run_id,model,model_label,scope,metric,value,n_occurrences,n_subjects
20260528_002,Static,Standard,pooled,silhouette_cosine,0.012374071404337883,90,10
20260528_002,Static,Standard,pooled,centroid_cosine_distance,0.02784419059753418,90,10
20260528_002,Static,Standard,pooled,semantic_axis_auroc,0.6550099206349207,90,10
20260528_002,Static,Standard,subject_mean,silhouette_cosine,-0.05919697121717036,90,10
20260528_002,Static,Standard,subject_mean,centroid_cosine_distance,0.05383046865463257,90,10
20260528_002,Static,Standard,subject_mean,semantic_axis_auroc,0.6805555555555556,90,10
20260528_002,Additive,Additive,pooled,silhouette_cosine,0.04121890664100647,90,10
20260528_002,Additive,Additive,pooled,centroid_cosine_distance,0.12063109874725342,90,10
20260528_002,Additive,Additive,pooled,semantic_axis_auroc,0.7876984126984127,90,10
20260528_002,Additive,Additive,subject_mean,silhouette_cosine,-0.06605470757931471,90,10
20260528_002,Additive,Additive,subject_mean,centroid_cosine_distance,0.18468952178955078,90,10
20260528_002,Additive,Additive,subject_mean,semantic_axis_auroc,0.7611111111111111,90,10
20260528_002,Joint,Token-Time,pooled,silhouette_cosine,0.030907541513442993,90,10
20260528_002,Joint,Token-Time,pooled,centroid_cosine_distance,0.07785975933074951,90,10
20260528_002,Joint,Token-Time,pooled,semantic_axis_auroc,0.6180555555555555,90,10
20260528_002,Joint,Token-Time,subject_mean,silhouette_cosine,-0.0822714576497674,90,10
20260528_002,Joint,Token-Time,subject_mean,centroid_cosine_distance,0.09883373975753784,90,10
20260528_002,Joint,Token-Time,subject_mean,semantic_axis_auroc,0.638888888888889,90,10
20260528_002,Timeformer,Memory-Augmented,pooled,silhouette_cosine,0.033128440380096436,90,10
20260528_002,Timeformer,Memory-Augmented,pooled,centroid_cosine_distance,0.10011404752731323,90,10
20260528_002,Timeformer,Memory-Augmented,pooled,semantic_axis_auroc,0.7380952380952381,90,10
20260528_002,Timeformer,Memory-Augmented,subject_mean,silhouette_cosine,-0.06810911186039448,90,10
20260528_002,Timeformer,Memory-Augmented,subject_mean,centroid_cosine_distance,0.22257041335105895,90,10
20260528_002,Timeformer,Memory-Augmented,subject_mean,semantic_axis_auroc,0.7944444444444444,90,10
20260528_003,Static,Standard,pooled,silhouette_cosine,0.011234165169298649,90,10
20260528_003,Static,Standard,pooled,centroid_cosine_distance,0.02145904302597046,90,10
20260528_003,Static,Standard,pooled,semantic_axis_auroc,0.6143353174603174,90,10
20260528_003,Static,Standard,subject_mean,silhouette_cosine,0.00937904929742217,90,10
20260528_003,Static,Standard,subject_mean,centroid_cosine_distance,0.04357591271400452,90,10
20260528_003,Static,Standard,subject_mean,semantic_axis_auroc,0.6833333333333333,90,10
20260528_003,Additive,Additive,pooled,silhouette_cosine,0.0337735079228878,90,10
20260528_003,Additive,Additive,pooled,centroid_cosine_distance,0.06261873245239258,90,10
20260528_003,Additive,Additive,pooled,semantic_axis_auroc,0.763888888888889,90,10
20260528_003,Additive,Additive,subject_mean,silhouette_cosine,-0.005009466037154198,90,10
20260528_003,Additive,Additive,subject_mean,centroid_cosine_distance,0.11799429655075074,90,10
20260528_003,Additive,Additive,subject_mean,semantic_axis_auroc,0.7611111111111113,90,10
20260528_003,Joint,Token-Time,pooled,silhouette_cosine,0.026558762416243553,90,10
20260528_003,Joint,Token-Time,pooled,centroid_cosine_distance,0.06910693645477295,90,10
20260528_003,Joint,Token-Time,pooled,semantic_axis_auroc,0.626984126984127,90,10
20260528_003,Joint,Token-Time,subject_mean,silhouette_cosine,-0.0374543241225183,90,10
20260528_003,Joint,Token-Time,subject_mean,centroid_cosine_distance,0.1688803553581238,90,10
20260528_003,Joint,Token-Time,subject_mean,semantic_axis_auroc,0.7222222222222223,90,10
20260528_003,Timeformer,Memory-Augmented,pooled,silhouette_cosine,0.044420406222343445,90,10
20260528_003,Timeformer,Memory-Augmented,pooled,centroid_cosine_distance,0.10067039728164673,90,10
20260528_003,Timeformer,Memory-Augmented,pooled,semantic_axis_auroc,0.7609126984126985,90,10
20260528_003,Timeformer,Memory-Augmented,subject_mean,silhouette_cosine,-0.050592722930014135,90,10
20260528_003,Timeformer,Memory-Augmented,subject_mean,centroid_cosine_distance,0.1862011194229126,90,10
20260528_003,Timeformer,Memory-Augmented,subject_mean,semantic_axis_auroc,0.7722222222222223,90,10
20260528_004,Static,Standard,pooled,silhouette_cosine,0.07299713790416718,90,10
20260528_004,Static,Standard,pooled,centroid_cosine_distance,0.07019400596618652,90,10
20260528_004,Static,Standard,pooled,semantic_axis_auroc,0.6822916666666666,90,10
20260528_004,Static,Standard,subject_mean,silhouette_cosine,0.12107761390507221,90,10
20260528_004,Static,Standard,subject_mean,centroid_cosine_distance,0.07279368638992309,90,10
20260528_004,Static,Standard,subject_mean,semantic_axis_auroc,0.836111111111111,90,10
20260528_004,Additive,Additive,pooled,silhouette_cosine,0.025369223207235336,90,10
20260528_004,Additive,Additive,pooled,centroid_cosine_distance,0.05458098649978638,90,10
20260528_004,Additive,Additive,pooled,semantic_axis_auroc,0.7782738095238095,90,10
20260528_004,Additive,Additive,subject_mean,silhouette_cosine,-0.06248382218182087,90,10
20260528_004,Additive,Additive,subject_mean,centroid_cosine_distance,0.12621827721595763,90,10
20260528_004,Additive,Additive,subject_mean,semantic_axis_auroc,0.8166666666666668,90,10
20260528_004,Joint,Token-Time,pooled,silhouette_cosine,0.02394210174679756,90,10
20260528_004,Joint,Token-Time,pooled,centroid_cosine_distance,0.035514652729034424,90,10
20260528_004,Joint,Token-Time,pooled,semantic_axis_auroc,0.753968253968254,90,10
20260528_004,Joint,Token-Time,subject_mean,silhouette_cosine,0.08698077485896646,90,10
20260528_004,Joint,Token-Time,subject_mean,centroid_cosine_distance,0.08719909191131592,90,10
20260528_004,Joint,Token-Time,subject_mean,semantic_axis_auroc,0.7944444444444445,90,10
20260528_004,Timeformer,Memory-Augmented,pooled,silhouette_cosine,0.0380033440887928,90,10
20260528_004,Timeformer,Memory-Augmented,pooled,centroid_cosine_distance,0.08782094717025757,90,10
20260528_004,Timeformer,Memory-Augmented,pooled,semantic_axis_auroc,0.7614087301587302,90,10
20260528_004,Timeformer,Memory-Augmented,subject_mean,silhouette_cosine,-0.059636694146320224,90,10
20260528_004,Timeformer,Memory-Augmented,subject_mean,centroid_cosine_distance,0.151857453584671,90,10
20260528_004,Timeformer,Memory-Augmented,subject_mean,semantic_axis_auroc,0.7722222222222223,90,10
20260528_005,Static,Standard,pooled,silhouette_cosine,0.007343047298491001,90,10
20260528_005,Static,Standard,pooled,centroid_cosine_distance,0.01542121171951294,90,10
20260528_005,Static,Standard,pooled,semantic_axis_auroc,0.7046130952380953,90,10
20260528_005,Static,Standard,subject_mean,silhouette_cosine,0.09430935587733984,90,10
20260528_005,Static,Standard,subject_mean,centroid_cosine_distance,0.036520260572433474,90,10
20260528_005,Static,Standard,subject_mean,semantic_axis_auroc,0.7138888888888888,90,10
20260528_005,Additive,Additive,pooled,silhouette_cosine,0.05149513855576515,90,10
20260528_005,Additive,Additive,pooled,centroid_cosine_distance,0.14976435899734497,90,10
20260528_005,Additive,Additive,pooled,semantic_axis_auroc,0.8050595238095237,90,10
20260528_005,Additive,Additive,subject_mean,silhouette_cosine,-0.03662645006552338,90,10
20260528_005,Additive,Additive,subject_mean,centroid_cosine_distance,0.22991906404495238,90,10
20260528_005,Additive,Additive,subject_mean,semantic_axis_auroc,0.7944444444444445,90,10
20260528_005,Joint,Token-Time,pooled,silhouette_cosine,-0.005018357187509537,90,10
20260528_005,Joint,Token-Time,pooled,centroid_cosine_distance,0.029355227947235107,90,10
20260528_005,Joint,Token-Time,pooled,semantic_axis_auroc,0.675595238095238,90,10
20260528_005,Joint,Token-Time,subject_mean,silhouette_cosine,-0.07857000345829875,90,10
20260528_005,Joint,Token-Time,subject_mean,centroid_cosine_distance,0.10687258839607239,90,10
20260528_005,Joint,Token-Time,subject_mean,semantic_axis_auroc,0.7277777777777777,90,10
20260528_005,Timeformer,Memory-Augmented,pooled,silhouette_cosine,0.010412062518298626,90,10
20260528_005,Timeformer,Memory-Augmented,pooled,centroid_cosine_distance,0.0405735969543457,90,10
20260528_005,Timeformer,Memory-Augmented,pooled,semantic_axis_auroc,0.7078373015873016,90,10
20260528_005,Timeformer,Memory-Augmented,subject_mean,silhouette_cosine,-0.0684075515717268,90,10
20260528_005,Timeformer,Memory-Augmented,subject_mean,centroid_cosine_distance,0.16092328429222108,90,10
20260528_005,Timeformer,Memory-Augmented,subject_mean,semantic_axis_auroc,0.788888888888889,90,10
20260528_006,Static,Standard,pooled,silhouette_cosine,0.034312546253204346,90,10
20260528_006,Static,Standard,pooled,centroid_cosine_distance,0.04530435800552368,90,10
20260528_006,Static,Standard,pooled,semantic_axis_auroc,0.7532242063492063,90,10
20260528_006,Static,Standard,subject_mean,silhouette_cosine,0.005041759274899959,90,10
20260528_006,Static,Standard,subject_mean,centroid_cosine_distance,0.10259320735931396,90,10
20260528_006,Static,Standard,subject_mean,semantic_axis_auroc,0.8138888888888889,90,10
20260528_006,Additive,Additive,pooled,silhouette_cosine,0.03875581920146942,90,10
20260528_006,Additive,Additive,pooled,centroid_cosine_distance,0.12801766395568848,90,10
20260528_006,Additive,Additive,pooled,semantic_axis_auroc,0.7346230158730159,90,10
20260528_006,Additive,Additive,subject_mean,silhouette_cosine,-0.055734935030341146,90,10
20260528_006,Additive,Additive,subject_mean,centroid_cosine_distance,0.194278222322464,90,10
20260528_006,Additive,Additive,subject_mean,semantic_axis_auroc,0.7222222222222222,90,10
20260528_006,Joint,Token-Time,pooled,silhouette_cosine,0.0589909590780735,90,10
20260528_006,Joint,Token-Time,pooled,centroid_cosine_distance,0.1731281876564026,90,10
20260528_006,Joint,Token-Time,pooled,semantic_axis_auroc,0.7748015873015872,90,10
20260528_006,Joint,Token-Time,subject_mean,silhouette_cosine,-0.02618979960680008,90,10
20260528_006,Joint,Token-Time,subject_mean,centroid_cosine_distance,0.20320906937122346,90,10
20260528_006,Joint,Token-Time,subject_mean,semantic_axis_auroc,0.788888888888889,90,10
20260528_006,Timeformer,Memory-Augmented,pooled,silhouette_cosine,0.04083791747689247,90,10
20260528_006,Timeformer,Memory-Augmented,pooled,centroid_cosine_distance,0.09936380386352539,90,10
20260528_006,Timeformer,Memory-Augmented,pooled,semantic_axis_auroc,0.6324404761904762,90,10
20260528_006,Timeformer,Memory-Augmented,subject_mean,silhouette_cosine,-0.03567946613766253,90,10
20260528_006,Timeformer,Memory-Augmented,subject_mean,centroid_cosine_distance,0.14354982376098632,90,10
20260528_006,Timeformer,Memory-Augmented,subject_mean,semantic_axis_auroc,0.7166666666666666,90,10
20260528_007,Static,Standard,pooled,silhouette_cosine,0.005910064559429884,90,10
20260528_007,Static,Standard,pooled,centroid_cosine_distance,0.034197211265563965,90,10
20260528_007,Static,Standard,pooled,semantic_axis_auroc,0.6723710317460317,90,10
20260528_007,Static,Standard,subject_mean,silhouette_cosine,0.05707287197001278,90,10
20260528_007,Static,Standard,subject_mean,centroid_cosine_distance,0.038102805614471436,90,10
20260528_007,Static,Standard,subject_mean,semantic_axis_auroc,0.8444444444444444,90,10
20260528_007,Additive,Additive,pooled,silhouette_cosine,0.03388173133134842,90,10
20260528_007,Additive,Additive,pooled,centroid_cosine_distance,0.102813720703125,90,10
20260528_007,Additive,Additive,pooled,semantic_axis_auroc,0.7901785714285714,90,10
20260528_007,Additive,Additive,subject_mean,silhouette_cosine,-0.06363551784306765,90,10
20260528_007,Additive,Additive,subject_mean,centroid_cosine_distance,0.19716174602508546,90,10
20260528_007,Additive,Additive,subject_mean,semantic_axis_auroc,0.8555555555555555,90,10
20260528_007,Joint,Token-Time,pooled,silhouette_cosine,0.04740732163190842,90,10
20260528_007,Joint,Token-Time,pooled,centroid_cosine_distance,0.13606750965118408,90,10
20260528_007,Joint,Token-Time,pooled,semantic_axis_auroc,0.7743055555555556,90,10
20260528_007,Joint,Token-Time,subject_mean,silhouette_cosine,-0.04943495476618409,90,10
20260528_007,Joint,Token-Time,subject_mean,centroid_cosine_distance,0.19670094251632692,90,10
20260528_007,Joint,Token-Time,subject_mean,semantic_axis_auroc,0.7611111111111112,90,10
20260528_007,Timeformer,Memory-Augmented,pooled,silhouette_cosine,0.06265966594219208,90,10
20260528_007,Timeformer,Memory-Augmented,pooled,centroid_cosine_distance,0.1389651894569397,90,10
20260528_007,Timeformer,Memory-Augmented,pooled,semantic_axis_auroc,0.689484126984127,90,10
20260528_007,Timeformer,Memory-Augmented,subject_mean,silhouette_cosine,-0.03963711373507976,90,10
20260528_007,Timeformer,Memory-Augmented,subject_mean,centroid_cosine_distance,0.16172325611114502,90,10
20260528_007,Timeformer,Memory-Augmented,subject_mean,semantic_axis_auroc,0.6944444444444445,90,10
20260528_008,Static,Standard,pooled,silhouette_cosine,0.034408777952194214,90,10
20260528_008,Static,Standard,pooled,centroid_cosine_distance,0.008970141410827637,90,10
20260528_008,Static,Standard,pooled,semantic_axis_auroc,0.6302083333333334,90,10
20260528_008,Static,Standard,subject_mean,silhouette_cosine,-0.0012058988213539124,90,10
20260528_008,Static,Standard,subject_mean,centroid_cosine_distance,0.049070870876312254,90,10
20260528_008,Static,Standard,subject_mean,semantic_axis_auroc,0.6111111111111112,90,10
20260528_008,Additive,Additive,pooled,silhouette_cosine,0.03558632358908653,90,10
20260528_008,Additive,Additive,pooled,centroid_cosine_distance,0.1300671100616455,90,10
20260528_008,Additive,Additive,pooled,semantic_axis_auroc,0.7490079365079364,90,10
20260528_008,Additive,Additive,subject_mean,silhouette_cosine,-0.0559229226782918,90,10
20260528_008,Additive,Additive,subject_mean,centroid_cosine_distance,0.2282903552055359,90,10
20260528_008,Additive,Additive,subject_mean,semantic_axis_auroc,0.7777777777777779,90,10
20260528_008,Joint,Token-Time,pooled,silhouette_cosine,0.026242192834615707,90,10
20260528_008,Joint,Token-Time,pooled,centroid_cosine_distance,0.07578539848327637,90,10
20260528_008,Joint,Token-Time,pooled,semantic_axis_auroc,0.7509920634920635,90,10
20260528_008,Joint,Token-Time,subject_mean,silhouette_cosine,-0.08039627522230149,90,10
20260528_008,Joint,Token-Time,subject_mean,centroid_cosine_distance,0.17242526412010192,90,10
20260528_008,Joint,Token-Time,subject_mean,semantic_axis_auroc,0.7833333333333334,90,10
20260528_008,Timeformer,Memory-Augmented,pooled,silhouette_cosine,0.05477467551827431,90,10
20260528_008,Timeformer,Memory-Augmented,pooled,centroid_cosine_distance,0.12619417905807495,90,10
20260528_008,Timeformer,Memory-Augmented,pooled,semantic_axis_auroc,0.7390873015873016,90,10
20260528_008,Timeformer,Memory-Augmented,subject_mean,silhouette_cosine,-0.04920971021056175,90,10
20260528_008,Timeformer,Memory-Augmented,subject_mean,centroid_cosine_distance,0.17987759411334991,90,10
20260528_008,Timeformer,Memory-Augmented,subject_mean,semantic_axis_auroc,0.7555555555555555,90,10
20260528_009,Static,Standard,pooled,silhouette_cosine,0.05949800834059715,90,10
20260528_009,Static,Standard,pooled,centroid_cosine_distance,0.10440200567245483,90,10
20260528_009,Static,Standard,pooled,semantic_axis_auroc,0.6307043650793651,90,10
20260528_009,Static,Standard,subject_mean,silhouette_cosine,0.012924978137016296,90,10
20260528_009,Static,Standard,subject_mean,centroid_cosine_distance,0.11790580153465272,90,10
20260528_009,Static,Standard,subject_mean,semantic_axis_auroc,0.6583333333333334,90,10
20260528_009,Additive,Additive,pooled,silhouette_cosine,0.04194905608892441,90,10
20260528_009,Additive,Additive,pooled,centroid_cosine_distance,0.12256789207458496,90,10
20260528_009,Additive,Additive,pooled,semantic_axis_auroc,0.7837301587301586,90,10
20260528_009,Additive,Additive,subject_mean,silhouette_cosine,-0.05953242164105177,90,10
20260528_009,Additive,Additive,subject_mean,centroid_cosine_distance,0.17177658081054686,90,10
20260528_009,Additive,Additive,subject_mean,semantic_axis_auroc,0.788888888888889,90,10
20260528_009,Joint,Token-Time,pooled,silhouette_cosine,0.04585893824696541,90,10
20260528_009,Joint,Token-Time,pooled,centroid_cosine_distance,0.1331878900527954,90,10
20260528_009,Joint,Token-Time,pooled,semantic_axis_auroc,0.7748015873015872,90,10
20260528_009,Joint,Token-Time,subject_mean,silhouette_cosine,-0.053610160411335525,90,10
20260528_009,Joint,Token-Time,subject_mean,centroid_cosine_distance,0.18273089528083802,90,10
20260528_009,Joint,Token-Time,subject_mean,semantic_axis_auroc,0.7611111111111112,90,10
20260528_009,Timeformer,Memory-Augmented,pooled,silhouette_cosine,0.010214846581220627,90,10
20260528_009,Timeformer,Memory-Augmented,pooled,centroid_cosine_distance,0.04285389184951782,90,10
20260528_009,Timeformer,Memory-Augmented,pooled,semantic_axis_auroc,0.6602182539682541,90,10
20260528_009,Timeformer,Memory-Augmented,subject_mean,silhouette_cosine,-0.09428153736516834,90,10
20260528_009,Timeformer,Memory-Augmented,subject_mean,centroid_cosine_distance,0.1077491283416748,90,10
20260528_009,Timeformer,Memory-Augmented,subject_mean,semantic_axis_auroc,0.6722222222222223,90,10
20260528_010,Static,Standard,pooled,silhouette_cosine,0.06448711454868317,90,10
20260528_010,Static,Standard,pooled,centroid_cosine_distance,0.006409645080566406,90,10
20260528_010,Static,Standard,pooled,semantic_axis_auroc,0.6996527777777779,90,10
20260528_010,Static,Standard,subject_mean,silhouette_cosine,0.060703765135258436,90,10
20260528_010,Static,Standard,subject_mean,centroid_cosine_distance,0.0064898252487182615,90,10
20260528_010,Static,Standard,subject_mean,semantic_axis_auroc,0.7305555555555556,90,10
20260528_010,Additive,Additive,pooled,silhouette_cosine,0.024467187002301216,90,10
20260528_010,Additive,Additive,pooled,centroid_cosine_distance,0.05776059627532959,90,10
20260528_010,Additive,Additive,pooled,semantic_axis_auroc,0.7514880952380951,90,10
20260528_010,Additive,Additive,subject_mean,silhouette_cosine,-0.050607208535075186,90,10
20260528_010,Additive,Additive,subject_mean,centroid_cosine_distance,0.17731316685676574,90,10
20260528_010,Additive,Additive,subject_mean,semantic_axis_auroc,0.7777777777777779,90,10
20260528_010,Joint,Token-Time,pooled,silhouette_cosine,0.03244472295045853,90,10
20260528_010,Joint,Token-Time,pooled,centroid_cosine_distance,0.12478280067443848,90,10
20260528_010,Joint,Token-Time,pooled,semantic_axis_auroc,0.7524801587301587,90,10
20260528_010,Joint,Token-Time,subject_mean,silhouette_cosine,-0.06336950156837702,90,10
20260528_010,Joint,Token-Time,subject_mean,centroid_cosine_distance,0.19839975833892823,90,10
20260528_010,Joint,Token-Time,subject_mean,semantic_axis_auroc,0.7444444444444445,90,10
20260528_010,Timeformer,Memory-Augmented,pooled,silhouette_cosine,0.022258343175053596,90,10
20260528_010,Timeformer,Memory-Augmented,pooled,centroid_cosine_distance,0.10627853870391846,90,10
20260528_010,Timeformer,Memory-Augmented,pooled,semantic_axis_auroc,0.5575396825396824,90,10
20260528_010,Timeformer,Memory-Augmented,subject_mean,silhouette_cosine,-0.04828339414671064,90,10
20260528_010,Timeformer,Memory-Augmented,subject_mean,centroid_cosine_distance,0.22800348699092865,90,10
20260528_010,Timeformer,Memory-Augmented,subject_mean,semantic_axis_auroc,0.6611111111111111,90,10
20260528_011,Static,Standard,pooled,silhouette_cosine,0.17390112578868866,90,10
20260528_011,Static,Standard,pooled,centroid_cosine_distance,0.2670971751213074,90,10
20260528_011,Static,Standard,pooled,semantic_axis_auroc,0.7447916666666667,90,10
20260528_011,Static,Standard,subject_mean,silhouette_cosine,0.11364528387784958,90,10
20260528_011,Static,Standard,subject_mean,centroid_cosine_distance,0.133305561542511,90,10
20260528_011,Static,Standard,subject_mean,semantic_axis_auroc,0.7083333333333334,90,10
20260528_011,Additive,Additive,pooled,silhouette_cosine,0.05366187542676926,90,10
20260528_011,Additive,Additive,pooled,centroid_cosine_distance,0.15356367826461792,90,10
20260528_011,Additive,Additive,pooled,semantic_axis_auroc,0.7733134920634921,90,10
20260528_011,Additive,Additive,subject_mean,silhouette_cosine,-0.03489782083779573,90,10
20260528_011,Additive,Additive,subject_mean,centroid_cosine_distance,0.24166934490203856,90,10
20260528_011,Additive,Additive,subject_mean,semantic_axis_auroc,0.7444444444444445,90,10
20260528_011,Joint,Token-Time,pooled,silhouette_cosine,0.06335756927728653,90,10
20260528_011,Joint,Token-Time,pooled,centroid_cosine_distance,0.17164695262908936,90,10
20260528_011,Joint,Token-Time,pooled,semantic_axis_auroc,0.7881944444444444,90,10
20260528_011,Joint,Token-Time,subject_mean,silhouette_cosine,-0.03190044090151787,90,10
20260528_011,Joint,Token-Time,subject_mean,centroid_cosine_distance,0.24445961117744447,90,10
20260528_011,Joint,Token-Time,subject_mean,semantic_axis_auroc,0.8000000000000002,90,10
20260528_011,Timeformer,Memory-Augmented,pooled,silhouette_cosine,0.02126462571322918,90,10
20260528_011,Timeformer,Memory-Augmented,pooled,centroid_cosine_distance,0.05833017826080322,90,10
20260528_011,Timeformer,Memory-Augmented,pooled,semantic_axis_auroc,0.685515873015873,90,10
20260528_011,Timeformer,Memory-Augmented,subject_mean,silhouette_cosine,-0.06866334769874811,90,10
20260528_011,Timeformer,Memory-Augmented,subject_mean,centroid_cosine_distance,0.16608573794364928,90,10
20260528_011,Timeformer,Memory-Augmented,subject_mean,semantic_axis_auroc,0.7222222222222222,90,10
20260528_012,Static,Standard,pooled,silhouette_cosine,0.025919366627931595,90,10
20260528_012,Static,Standard,pooled,centroid_cosine_distance,0.03899580240249634,90,10
20260528_012,Static,Standard,pooled,semantic_axis_auroc,0.667906746031746,90,10
20260528_012,Static,Standard,subject_mean,silhouette_cosine,0.0762940660933964,90,10
20260528_012,Static,Standard,subject_mean,centroid_cosine_distance,0.051455450057983396,90,10
20260528_012,Static,Standard,subject_mean,semantic_axis_auroc,0.8138888888888889,90,10
20260528_012,Additive,Additive,pooled,silhouette_cosine,0.04378727450966835,90,10
20260528_012,Additive,Additive,pooled,centroid_cosine_distance,0.12735110521316528,90,10
20260528_012,Additive,Additive,pooled,semantic_axis_auroc,0.8134920634920635,90,10
20260528_012,Additive,Additive,subject_mean,silhouette_cosine,-0.046967785060405734,90,10
20260528_012,Additive,Additive,subject_mean,centroid_cosine_distance,0.21666140258312225,90,10
20260528_012,Additive,Additive,subject_mean,semantic_axis_auroc,0.8166666666666667,90,10
20260528_012,Joint,Token-Time,pooled,silhouette_cosine,0.022255748510360718,90,10
20260528_012,Joint,Token-Time,pooled,centroid_cosine_distance,0.15050053596496582,90,10
20260528_012,Joint,Token-Time,pooled,semantic_axis_auroc,0.7103174603174603,90,10
20260528_012,Joint,Token-Time,subject_mean,silhouette_cosine,-0.06741600648092572,90,10
20260528_012,Joint,Token-Time,subject_mean,centroid_cosine_distance,0.2717535555362701,90,10
20260528_012,Joint,Token-Time,subject_mean,semantic_axis_auroc,0.7111111111111111,90,10
20260528_012,Timeformer,Memory-Augmented,pooled,silhouette_cosine,0.03684649616479874,90,10
20260528_012,Timeformer,Memory-Augmented,pooled,centroid_cosine_distance,0.10459589958190918,90,10
20260528_012,Timeformer,Memory-Augmented,pooled,semantic_axis_auroc,0.7331349206349206,90,10
20260528_012,Timeformer,Memory-Augmented,subject_mean,silhouette_cosine,-0.04317199435317889,90,10
20260528_012,Timeformer,Memory-Augmented,subject_mean,centroid_cosine_distance,0.14934231638908385,90,10
20260528_012,Timeformer,Memory-Augmented,subject_mean,semantic_axis_auroc,0.75,90,10
20260528_013,Static,Standard,pooled,silhouette_cosine,0.0473443977534771,90,10
20260528_013,Static,Standard,pooled,centroid_cosine_distance,0.05553710460662842,90,10
20260528_013,Static,Standard,pooled,semantic_axis_auroc,0.6877480158730158,90,10
20260528_013,Static,Standard,subject_mean,silhouette_cosine,0.07606383301317692,90,10
20260528_013,Static,Standard,subject_mean,centroid_cosine_distance,0.08632906675338745,90,10
20260528_013,Static,Standard,subject_mean,semantic_axis_auroc,0.7444444444444445,90,10
20260528_013,Additive,Additive,pooled,silhouette_cosine,0.028504742309451103,90,10
20260528_013,Additive,Additive,pooled,centroid_cosine_distance,0.10025280714035034,90,10
20260528_013,Additive,Additive,pooled,semantic_axis_auroc,0.7842261904761905,90,10
20260528_013,Additive,Additive,subject_mean,silhouette_cosine,-0.057457867870107295,90,10
20260528_013,Additive,Additive,subject_mean,centroid_cosine_distance,0.1950923264026642,90,10
20260528_013,Additive,Additive,subject_mean,semantic_axis_auroc,0.7611111111111111,90,10
20260528_013,Joint,Token-Time,pooled,silhouette_cosine,0.04173441231250763,90,10
20260528_013,Joint,Token-Time,pooled,centroid_cosine_distance,0.17290335893630981,90,10
20260528_013,Joint,Token-Time,pooled,semantic_axis_auroc,0.7410714285714286,90,10
20260528_013,Joint,Token-Time,subject_mean,silhouette_cosine,-0.008007203601300717,90,10
20260528_013,Joint,Token-Time,subject_mean,centroid_cosine_distance,0.2678635507822037,90,10
20260528_013,Joint,Token-Time,subject_mean,semantic_axis_auroc,0.7611111111111112,90,10
20260528_013,Timeformer,Memory-Augmented,pooled,silhouette_cosine,0.021048428490757942,90,10
20260528_013,Timeformer,Memory-Augmented,pooled,centroid_cosine_distance,0.09712100028991699,90,10
20260528_013,Timeformer,Memory-Augmented,pooled,semantic_axis_auroc,0.6587301587301587,90,10
20260528_013,Timeformer,Memory-Augmented,subject_mean,silhouette_cosine,-0.010111362673342228,90,10
20260528_013,Timeformer,Memory-Augmented,subject_mean,centroid_cosine_distance,0.15143290758132935,90,10
20260528_013,Timeformer,Memory-Augmented,subject_mean,semantic_axis_auroc,0.7166666666666668,90,10
20260528_014,Static,Standard,pooled,silhouette_cosine,0.02518777921795845,90,10
20260528_014,Static,Standard,pooled,centroid_cosine_distance,0.026143133640289307,90,10
20260528_014,Static,Standard,pooled,semantic_axis_auroc,0.6178075396825397,90,10
20260528_014,Static,Standard,subject_mean,silhouette_cosine,-0.04151820689439774,90,10
20260528_014,Static,Standard,subject_mean,centroid_cosine_distance,0.007179731130599975,90,10
20260528_014,Static,Standard,subject_mean,semantic_axis_auroc,0.675,90,10
20260528_014,Additive,Additive,pooled,silhouette_cosine,0.023425955325365067,90,10
20260528_014,Additive,Additive,pooled,centroid_cosine_distance,0.12432354688644409,90,10
20260528_014,Additive,Additive,pooled,semantic_axis_auroc,0.7445436507936508,90,10
20260528_014,Additive,Additive,subject_mean,silhouette_cosine,-0.047369786677882074,90,10
20260528_014,Additive,Additive,subject_mean,centroid_cosine_distance,0.26133647561073303,90,10
20260528_014,Additive,Additive,subject_mean,semantic_axis_auroc,0.7777777777777779,90,10
20260528_014,Joint,Token-Time,pooled,silhouette_cosine,0.020099075511097908,90,10
20260528_014,Joint,Token-Time,pooled,centroid_cosine_distance,0.06830590963363647,90,10
20260528_014,Joint,Token-Time,pooled,semantic_axis_auroc,0.6974206349206349,90,10
20260528_014,Joint,Token-Time,subject_mean,silhouette_cosine,-0.06161018596030772,90,10
20260528_014,Joint,Token-Time,subject_mean,centroid_cosine_distance,0.1845560371875763,90,10
20260528_014,Joint,Token-Time,subject_mean,semantic_axis_auroc,0.7777777777777777,90,10
20260528_014,Timeformer,Memory-Augmented,pooled,silhouette_cosine,0.03516293317079544,90,10
20260528_014,Timeformer,Memory-Augmented,pooled,centroid_cosine_distance,0.1349959373474121,90,10
20260528_014,Timeformer,Memory-Augmented,pooled,semantic_axis_auroc,0.7579365079365079,90,10
20260528_014,Timeformer,Memory-Augmented,subject_mean,silhouette_cosine,-0.06478562321572098,90,10
20260528_014,Timeformer,Memory-Augmented,subject_mean,centroid_cosine_distance,0.20915808379650117,90,10
20260528_014,Timeformer,Memory-Augmented,subject_mean,semantic_axis_auroc,0.7444444444444445,90,10
20260528_015,Static,Standard,pooled,silhouette_cosine,0.05335095152258873,90,10
20260528_015,Static,Standard,pooled,centroid_cosine_distance,0.11434471607208252,90,10
20260528_015,Static,Standard,pooled,semantic_axis_auroc,0.6793154761904762,90,10
20260528_015,Static,Standard,subject_mean,silhouette_cosine,-0.020322697795927526,90,10
20260528_015,Static,Standard,subject_mean,centroid_cosine_distance,0.14602140188217164,90,10
20260528_015,Static,Standard,subject_mean,semantic_axis_auroc,0.7194444444444444,90,10
20260528_015,Additive,Additive,pooled,silhouette_cosine,0.03984633460640907,90,10
20260528_015,Additive,Additive,pooled,centroid_cosine_distance,0.1313275694847107,90,10
20260528_015,Additive,Additive,pooled,semantic_axis_auroc,0.7698412698412698,90,10
20260528_015,Additive,Additive,subject_mean,silhouette_cosine,-0.05568240480497479,90,10
20260528_015,Additive,Additive,subject_mean,centroid_cosine_distance,0.21570646464824678,90,10
20260528_015,Additive,Additive,subject_mean,semantic_axis_auroc,0.7777777777777778,90,10
20260528_015,Joint,Token-Time,pooled,silhouette_cosine,0.06497688591480255,90,10
20260528_015,Joint,Token-Time,pooled,centroid_cosine_distance,0.14333093166351318,90,10
20260528_015,Joint,Token-Time,pooled,semantic_axis_auroc,0.7311507936507937,90,10
20260528_015,Joint,Token-Time,subject_mean,silhouette_cosine,-0.05540273133665323,90,10
20260528_015,Joint,Token-Time,subject_mean,centroid_cosine_distance,0.16729022860527037,90,10
20260528_015,Joint,Token-Time,subject_mean,semantic_axis_auroc,0.7444444444444445,90,10
20260528_015,Timeformer,Memory-Augmented,pooled,silhouette_cosine,0.04778960719704628,90,10
20260528_015,Timeformer,Memory-Augmented,pooled,centroid_cosine_distance,0.08916860818862915,90,10
20260528_015,Timeformer,Memory-Augmented,pooled,semantic_axis_auroc,0.7807539682539681,90,10
20260528_015,Timeformer,Memory-Augmented,subject_mean,silhouette_cosine,0.09820828102529049,90,10
20260528_015,Timeformer,Memory-Augmented,subject_mean,centroid_cosine_distance,0.1877675712108612,90,10
20260528_015,Timeformer,Memory-Augmented,subject_mean,semantic_axis_auroc,0.7944444444444445,90,10
20260528_016,Static,Standard,pooled,silhouette_cosine,-0.001975029706954956,90,10
20260528_016,Static,Standard,pooled,centroid_cosine_distance,0.01630866527557373,90,10
20260528_016,Static,Standard,pooled,semantic_axis_auroc,0.6178075396825397,90,10
20260528_016,Static,Standard,subject_mean,silhouette_cosine,0.05470542702823877,90,10
20260528_016,Static,Standard,subject_mean,centroid_cosine_distance,0.07064383029937744,90,10
20260528_016,Static,Standard,subject_mean,semantic_axis_auroc,0.7833333333333334,90,10
20260528_016,Additive,Additive,pooled,silhouette_cosine,0.026883669197559357,90,10
20260528_016,Additive,Additive,pooled,centroid_cosine_distance,0.10509037971496582,90,10
20260528_016,Additive,Additive,pooled,semantic_axis_auroc,0.7485119047619048,90,10
20260528_016,Additive,Additive,subject_mean,silhouette_cosine,-0.06906990027055145,90,10
20260528_016,Additive,Additive,subject_mean,centroid_cosine_distance,0.18670225739479065,90,10
20260528_016,Additive,Additive,subject_mean,semantic_axis_auroc,0.7388888888888889,90,10
20260528_016,Joint,Token-Time,pooled,silhouette_cosine,0.020585162565112114,90,10
20260528_016,Joint,Token-Time,pooled,centroid_cosine_distance,0.08038836717605591,90,10
20260528_016,Joint,Token-Time,pooled,semantic_axis_auroc,0.7341269841269842,90,10
20260528_016,Joint,Token-Time,subject_mean,silhouette_cosine,-0.0708078992087394,90,10
20260528_016,Joint,Token-Time,subject_mean,centroid_cosine_distance,0.1708451271057129,90,10
20260528_016,Joint,Token-Time,subject_mean,semantic_axis_auroc,0.7722222222222223,90,10
20260528_016,Timeformer,Memory-Augmented,pooled,silhouette_cosine,0.019632630050182343,90,10
20260528_016,Timeformer,Memory-Augmented,pooled,centroid_cosine_distance,0.04321414232254028,90,10
20260528_016,Timeformer,Memory-Augmented,pooled,semantic_axis_auroc,0.6909722222222222,90,10
20260528_016,Timeformer,Memory-Augmented,subject_mean,silhouette_cosine,-0.036442436277866364,90,10
20260528_016,Timeformer,Memory-Augmented,subject_mean,centroid_cosine_distance,0.10361072421073914,90,10
20260528_016,Timeformer,Memory-Augmented,subject_mean,semantic_axis_auroc,0.7444444444444445,90,10
20260528_017,Static,Standard,pooled,silhouette_cosine,0.02213510125875473,90,10
20260528_017,Static,Standard,pooled,centroid_cosine_distance,0.03178393840789795,90,10
20260528_017,Static,Standard,pooled,semantic_axis_auroc,0.6569940476190476,90,10
20260528_017,Static,Standard,subject_mean,silhouette_cosine,0.018232875410467385,90,10
20260528_017,Static,Standard,subject_mean,centroid_cosine_distance,0.06098030805587769,90,10
20260528_017,Static,Standard,subject_mean,semantic_axis_auroc,0.7083333333333333,90,10
20260528_017,Additive,Additive,pooled,silhouette_cosine,0.04470498859882355,90,10
20260528_017,Additive,Additive,pooled,centroid_cosine_distance,0.13681405782699585,90,10
20260528_017,Additive,Additive,pooled,semantic_axis_auroc,0.7549603174603174,90,10
20260528_017,Additive,Additive,subject_mean,silhouette_cosine,-0.05593680739402771,90,10
20260528_017,Additive,Additive,subject_mean,centroid_cosine_distance,0.2210555523633957,90,10
20260528_017,Additive,Additive,subject_mean,semantic_axis_auroc,0.75,90,10
20260528_017,Joint,Token-Time,pooled,silhouette_cosine,0.011670069769024849,90,10
20260528_017,Joint,Token-Time,pooled,centroid_cosine_distance,0.06038099527359009,90,10
20260528_017,Joint,Token-Time,pooled,semantic_axis_auroc,0.7658730158730159,90,10
20260528_017,Joint,Token-Time,subject_mean,silhouette_cosine,-0.013211672380566596,90,10
20260528_017,Joint,Token-Time,subject_mean,centroid_cosine_distance,0.1689285695552826,90,10
20260528_017,Joint,Token-Time,subject_mean,semantic_axis_auroc,0.7444444444444445,90,10
20260528_017,Timeformer,Memory-Augmented,pooled,silhouette_cosine,0.054566919803619385,90,10
20260528_017,Timeformer,Memory-Augmented,pooled,centroid_cosine_distance,0.14071011543273926,90,10
20260528_017,Timeformer,Memory-Augmented,pooled,semantic_axis_auroc,0.8010912698412698,90,10
20260528_017,Timeformer,Memory-Augmented,subject_mean,silhouette_cosine,-0.041863723658025265,90,10
20260528_017,Timeformer,Memory-Augmented,subject_mean,centroid_cosine_distance,0.2342687129974365,90,10
20260528_017,Timeformer,Memory-Augmented,subject_mean,semantic_axis_auroc,0.8055555555555556,90,10
20260528_018,Static,Standard,pooled,silhouette_cosine,0.032027631998062134,90,10
20260528_018,Static,Standard,pooled,centroid_cosine_distance,0.04519796371459961,90,10
20260528_018,Static,Standard,pooled,semantic_axis_auroc,0.7199900793650794,90,10
20260528_018,Static,Standard,subject_mean,silhouette_cosine,-0.0690327356569469,90,10
20260528_018,Static,Standard,subject_mean,centroid_cosine_distance,0.0991513192653656,90,10
20260528_018,Static,Standard,subject_mean,semantic_axis_auroc,0.7194444444444446,90,10
20260528_018,Additive,Additive,pooled,silhouette_cosine,0.04230508580803871,90,10
20260528_018,Additive,Additive,pooled,centroid_cosine_distance,0.14928579330444336,90,10
20260528_018,Additive,Additive,pooled,semantic_axis_auroc,0.7222222222222222,90,10
20260528_018,Additive,Additive,subject_mean,silhouette_cosine,-0.05814698953181505,90,10
20260528_018,Additive,Additive,subject_mean,centroid_cosine_distance,0.20539560317993164,90,10
20260528_018,Additive,Additive,subject_mean,semantic_axis_auroc,0.7388888888888889,90,10
20260528_018,Joint,Token-Time,pooled,silhouette_cosine,0.07121308892965317,90,10
20260528_018,Joint,Token-Time,pooled,centroid_cosine_distance,0.16164028644561768,90,10
20260528_018,Joint,Token-Time,pooled,semantic_axis_auroc,0.7698412698412699,90,10
20260528_018,Joint,Token-Time,subject_mean,silhouette_cosine,-0.010627951519563795,90,10
20260528_018,Joint,Token-Time,subject_mean,centroid_cosine_distance,0.2145719885826111,90,10
20260528_018,Joint,Token-Time,subject_mean,semantic_axis_auroc,0.7944444444444445,90,10
20260528_018,Timeformer,Memory-Augmented,pooled,silhouette_cosine,0.05314990505576134,90,10
20260528_018,Timeformer,Memory-Augmented,pooled,centroid_cosine_distance,0.13662207126617432,90,10
20260528_018,Timeformer,Memory-Augmented,pooled,semantic_axis_auroc,0.7847222222222222,90,10
20260528_018,Timeformer,Memory-Augmented,subject_mean,silhouette_cosine,-0.03774733780883253,90,10
20260528_018,Timeformer,Memory-Augmented,subject_mean,centroid_cosine_distance,0.2083933711051941,90,10
20260528_018,Timeformer,Memory-Augmented,subject_mean,semantic_axis_auroc,0.8388888888888889,90,10
20260528_019,Static,Standard,pooled,silhouette_cosine,0.024804236367344856,90,10
20260528_019,Static,Standard,pooled,centroid_cosine_distance,0.017885327339172363,90,10
20260528_019,Static,Standard,pooled,semantic_axis_auroc,0.6862599206349207,90,10
20260528_019,Static,Standard,subject_mean,silhouette_cosine,0.13612890988588333,90,10
20260528_019,Static,Standard,subject_mean,centroid_cosine_distance,0.02932478189468384,90,10
20260528_019,Static,Standard,subject_mean,semantic_axis_auroc,0.7972222222222223,90,10
20260528_019,Additive,Additive,pooled,silhouette_cosine,0.026945922523736954,90,10
20260528_019,Additive,Additive,pooled,centroid_cosine_distance,0.11733084917068481,90,10
20260528_019,Additive,Additive,pooled,semantic_axis_auroc,0.7807539682539683,90,10
20260528_019,Additive,Additive,subject_mean,silhouette_cosine,-0.06758062709122896,90,10
20260528_019,Additive,Additive,subject_mean,centroid_cosine_distance,0.22731925845146178,90,10
20260528_019,Additive,Additive,subject_mean,semantic_axis_auroc,0.7333333333333334,90,10
20260528_019,Joint,Token-Time,pooled,silhouette_cosine,0.03246643766760826,90,10
20260528_019,Joint,Token-Time,pooled,centroid_cosine_distance,0.08648288249969482,90,10
20260528_019,Joint,Token-Time,pooled,semantic_axis_auroc,0.6626984126984127,90,10
20260528_019,Joint,Token-Time,subject_mean,silhouette_cosine,-0.059211623994633554,90,10
20260528_019,Joint,Token-Time,subject_mean,centroid_cosine_distance,0.15044326782226564,90,10
20260528_019,Joint,Token-Time,subject_mean,semantic_axis_auroc,0.6888888888888889,90,10
20260528_019,Timeformer,Memory-Augmented,pooled,silhouette_cosine,0.0601266473531723,90,10
20260528_019,Timeformer,Memory-Augmented,pooled,centroid_cosine_distance,0.06285285949707031,90,10
20260528_019,Timeformer,Memory-Augmented,pooled,semantic_axis_auroc,0.6507936507936507,90,10
20260528_019,Timeformer,Memory-Augmented,subject_mean,silhouette_cosine,-0.0027763638645410538,90,10
20260528_019,Timeformer,Memory-Augmented,subject_mean,centroid_cosine_distance,0.0721679985523224,90,10
20260528_019,Timeformer,Memory-Augmented,subject_mean,semantic_axis_auroc,0.6944444444444444,90,10
20260528_020,Static,Standard,pooled,silhouette_cosine,0.06688529253005981,90,10
20260528_020,Static,Standard,pooled,centroid_cosine_distance,0.08794599771499634,90,10
20260528_020,Static,Standard,pooled,semantic_axis_auroc,0.6232638888888888,90,10
20260528_020,Static,Standard,subject_mean,silhouette_cosine,0.05931434258818626,90,10
20260528_020,Static,Standard,subject_mean,centroid_cosine_distance,0.019499409198760986,90,10
20260528_020,Static,Standard,subject_mean,semantic_axis_auroc,0.6361111111111112,90,10
20260528_020,Additive,Additive,pooled,silhouette_cosine,0.022952381521463394,90,10
20260528_020,Additive,Additive,pooled,centroid_cosine_distance,0.10160470008850098,90,10
20260528_020,Additive,Additive,pooled,semantic_axis_auroc,0.7266865079365079,90,10
20260528_020,Additive,Additive,subject_mean,silhouette_cosine,-0.05509287538006902,90,10
20260528_020,Additive,Additive,subject_mean,centroid_cosine_distance,0.21246776580810547,90,10
20260528_020,Additive,Additive,subject_mean,semantic_axis_auroc,0.7444444444444445,90,10
20260528_020,Joint,Token-Time,pooled,silhouette_cosine,0.04971994832158089,90,10
20260528_020,Joint,Token-Time,pooled,centroid_cosine_distance,0.12404656410217285,90,10
20260528_020,Joint,Token-Time,pooled,semantic_axis_auroc,0.7738095238095237,90,10
20260528_020,Joint,Token-Time,subject_mean,silhouette_cosine,-0.042082809761632235,90,10
20260528_020,Joint,Token-Time,subject_mean,centroid_cosine_distance,0.17777279615402222,90,10
20260528_020,Joint,Token-Time,subject_mean,semantic_axis_auroc,0.788888888888889,90,10
20260528_020,Timeformer,Memory-Augmented,pooled,silhouette_cosine,0.0327133908867836,90,10
20260528_020,Timeformer,Memory-Augmented,pooled,centroid_cosine_distance,0.02954024076461792,90,10
20260528_020,Timeformer,Memory-Augmented,pooled,semantic_axis_auroc,0.6716269841269841,90,10
20260528_020,Timeformer,Memory-Augmented,subject_mean,silhouette_cosine,-0.005829642317257822,90,10
20260528_020,Timeformer,Memory-Augmented,subject_mean,centroid_cosine_distance,0.09281938076019287,90,10
20260528_020,Timeformer,Memory-Augmented,subject_mean,semantic_axis_auroc,0.7722222222222223,90,10
20260528_021,Static,Standard,pooled,silhouette_cosine,0.0784623920917511,90,10
20260528_021,Static,Standard,pooled,centroid_cosine_distance,0.09209519624710083,90,10
20260528_021,Static,Standard,pooled,semantic_axis_auroc,0.7318948412698414,90,10
20260528_021,Static,Standard,subject_mean,silhouette_cosine,0.019979820773005485,90,10
20260528_021,Static,Standard,subject_mean,centroid_cosine_distance,0.10302370190620422,90,10
20260528_021,Static,Standard,subject_mean,semantic_axis_auroc,0.7305555555555556,90,10
20260528_021,Additive,Additive,pooled,silhouette_cosine,0.03570788353681564,90,10
20260528_021,Additive,Additive,pooled,centroid_cosine_distance,0.12020736932754517,90,10
20260528_021,Additive,Additive,pooled,semantic_axis_auroc,0.7599206349206349,90,10
20260528_021,Additive,Additive,subject_mean,silhouette_cosine,-0.05683916043490171,90,10
20260528_021,Additive,Additive,subject_mean,centroid_cosine_distance,0.2151258945465088,90,10
20260528_021,Additive,Additive,subject_mean,semantic_axis_auroc,0.7833333333333334,90,10
20260528_021,Joint,Token-Time,pooled,silhouette_cosine,0.030871279537677765,90,10
20260528_021,Joint,Token-Time,pooled,centroid_cosine_distance,0.09003341197967529,90,10
20260528_021,Joint,Token-Time,pooled,semantic_axis_auroc,0.795138888888889,90,10
20260528_021,Joint,Token-Time,subject_mean,silhouette_cosine,-0.05975727532058954,90,10
20260528_021,Joint,Token-Time,subject_mean,centroid_cosine_distance,0.19001139402389527,90,10
20260528_021,Joint,Token-Time,subject_mean,semantic_axis_auroc,0.8111111111111111,90,10
20260528_021,Timeformer,Memory-Augmented,pooled,silhouette_cosine,0.05465925484895706,90,10
20260528_021,Timeformer,Memory-Augmented,pooled,centroid_cosine_distance,0.10527902841567993,90,10
20260528_021,Timeformer,Memory-Augmented,pooled,semantic_axis_auroc,0.7569444444444445,90,10
20260528_021,Timeformer,Memory-Augmented,subject_mean,silhouette_cosine,-0.06091315513476729,90,10
20260528_021,Timeformer,Memory-Augmented,subject_mean,centroid_cosine_distance,0.1136674165725708,90,10
20260528_021,Timeformer,Memory-Augmented,subject_mean,semantic_axis_auroc,0.7277777777777777,90,10
20260528_022,Static,Standard,pooled,silhouette_cosine,0.06186993792653084,90,10
20260528_022,Static,Standard,pooled,centroid_cosine_distance,0.03426271677017212,90,10
20260528_022,Static,Standard,pooled,semantic_axis_auroc,0.782986111111111,90,10
20260528_022,Static,Standard,subject_mean,silhouette_cosine,0.07041203768458218,90,10
20260528_022,Static,Standard,subject_mean,centroid_cosine_distance,0.050510889291763304,90,10
20260528_022,Static,Standard,subject_mean,semantic_axis_auroc,0.7861111111111112,90,10
20260528_022,Additive,Additive,pooled,silhouette_cosine,0.046388790011405945,90,10
20260528_022,Additive,Additive,pooled,centroid_cosine_distance,0.16413086652755737,90,10
20260528_022,Additive,Additive,pooled,semantic_axis_auroc,0.7564484126984128,90,10
20260528_022,Additive,Additive,subject_mean,silhouette_cosine,-0.05622152062132955,90,10
20260528_022,Additive,Additive,subject_mean,centroid_cosine_distance,0.22075255811214448,90,10
20260528_022,Additive,Additive,subject_mean,semantic_axis_auroc,0.75,90,10
20260528_022,Joint,Token-Time,pooled,silhouette_cosine,0.0551365427672863,90,10
20260528_022,Joint,Token-Time,pooled,centroid_cosine_distance,0.16352123022079468,90,10
20260528_022,Joint,Token-Time,pooled,semantic_axis_auroc,0.7743055555555555,90,10
20260528_022,Joint,Token-Time,subject_mean,silhouette_cosine,-0.050464310124516486,90,10
20260528_022,Joint,Token-Time,subject_mean,centroid_cosine_distance,0.20922747552394866,90,10
20260528_022,Joint,Token-Time,subject_mean,semantic_axis_auroc,0.7833333333333333,90,10
20260528_022,Timeformer,Memory-Augmented,pooled,silhouette_cosine,0.036049190908670425,90,10
20260528_022,Timeformer,Memory-Augmented,pooled,centroid_cosine_distance,0.1205243468284607,90,10
20260528_022,Timeformer,Memory-Augmented,pooled,semantic_axis_auroc,0.7837301587301588,90,10
20260528_022,Timeformer,Memory-Augmented,subject_mean,silhouette_cosine,-0.06089122290723026,90,10
20260528_022,Timeformer,Memory-Augmented,subject_mean,centroid_cosine_distance,0.18699654340744018,90,10
20260528_022,Timeformer,Memory-Augmented,subject_mean,semantic_axis_auroc,0.75,90,10
20260528_023,Static,Standard,pooled,silhouette_cosine,0.026608165353536606,90,10
20260528_023,Static,Standard,pooled,centroid_cosine_distance,0.008849501609802246,90,10
20260528_023,Static,Standard,pooled,semantic_axis_auroc,0.5984623015873015,90,10
20260528_023,Static,Standard,subject_mean,silhouette_cosine,0.08497271090745925,90,10
20260528_023,Static,Standard,subject_mean,centroid_cosine_distance,0.05273427963256836,90,10
20260528_023,Static,Standard,subject_mean,semantic_axis_auroc,0.6583333333333333,90,10
20260528_023,Additive,Additive,pooled,silhouette_cosine,0.03006763942539692,90,10
20260528_023,Additive,Additive,pooled,centroid_cosine_distance,0.08359068632125854,90,10
20260528_023,Additive,Additive,pooled,semantic_axis_auroc,0.7718253968253967,90,10
20260528_023,Additive,Additive,subject_mean,silhouette_cosine,-0.062192306853830814,90,10
20260528_023,Additive,Additive,subject_mean,centroid_cosine_distance,0.17968451380729675,90,10
20260528_023,Additive,Additive,subject_mean,semantic_axis_auroc,0.7777777777777779,90,10
20260528_023,Joint,Token-Time,pooled,silhouette_cosine,-0.002270819153636694,90,10
20260528_023,Joint,Token-Time,pooled,centroid_cosine_distance,0.01096189022064209,90,10
20260528_023,Joint,Token-Time,pooled,semantic_axis_auroc,0.5634920634920635,90,10
20260528_023,Joint,Token-Time,subject_mean,silhouette_cosine,-0.051628337521106,90,10
20260528_023,Joint,Token-Time,subject_mean,centroid_cosine_distance,0.07557392716407776,90,10
20260528_023,Joint,Token-Time,subject_mean,semantic_axis_auroc,0.6277777777777777,90,10
20260528_023,Timeformer,Memory-Augmented,pooled,silhouette_cosine,0.03968330845236778,90,10
20260528_023,Timeformer,Memory-Augmented,pooled,centroid_cosine_distance,0.09701883792877197,90,10
20260528_023,Timeformer,Memory-Augmented,pooled,semantic_axis_auroc,0.751984126984127,90,10
20260528_023,Timeformer,Memory-Augmented,subject_mean,silhouette_cosine,-0.043134771892800926,90,10
20260528_023,Timeformer,Memory-Augmented,subject_mean,centroid_cosine_distance,0.18126301169395448,90,10
20260528_023,Timeformer,Memory-Augmented,subject_mean,semantic_axis_auroc,0.7666666666666667,90,10
20260528_024,Static,Standard,pooled,silhouette_cosine,0.19121381640434265,90,10
20260528_024,Static,Standard,pooled,centroid_cosine_distance,0.14165979623794556,90,10
20260528_024,Static,Standard,pooled,semantic_axis_auroc,0.8127480158730158,90,10
20260528_024,Static,Standard,subject_mean,silhouette_cosine,0.1597853470593691,90,10
20260528_024,Static,Standard,subject_mean,centroid_cosine_distance,0.13726218938827514,90,10
20260528_024,Static,Standard,subject_mean,semantic_axis_auroc,0.7972222222222223,90,10
20260528_024,Additive,Additive,pooled,silhouette_cosine,0.07634814828634262,90,10
20260528_024,Additive,Additive,pooled,centroid_cosine_distance,0.1933174729347229,90,10
20260528_024,Additive,Additive,pooled,semantic_axis_auroc,0.7782738095238095,90,10
20260528_024,Additive,Additive,subject_mean,silhouette_cosine,-0.03204587129876017,90,10
20260528_024,Additive,Additive,subject_mean,centroid_cosine_distance,0.20369618237018586,90,10
20260528_024,Additive,Additive,subject_mean,semantic_axis_auroc,0.7944444444444445,90,10
20260528_024,Joint,Token-Time,pooled,silhouette_cosine,0.041261401027441025,90,10
20260528_024,Joint,Token-Time,pooled,centroid_cosine_distance,0.1416001319885254,90,10
20260528_024,Joint,Token-Time,pooled,semantic_axis_auroc,0.7708333333333334,90,10
20260528_024,Joint,Token-Time,subject_mean,silhouette_cosine,-0.04557643067091703,90,10
20260528_024,Joint,Token-Time,subject_mean,centroid_cosine_distance,0.21840609908103942,90,10
20260528_024,Joint,Token-Time,subject_mean,semantic_axis_auroc,0.8333333333333333,90,10
20260528_024,Timeformer,Memory-Augmented,pooled,silhouette_cosine,0.031435128301382065,90,10
20260528_024,Timeformer,Memory-Augmented,pooled,centroid_cosine_distance,0.09448152780532837,90,10
20260528_024,Timeformer,Memory-Augmented,pooled,semantic_axis_auroc,0.7514880952380952,90,10
20260528_024,Timeformer,Memory-Augmented,subject_mean,silhouette_cosine,-0.05890848152339458,90,10
20260528_024,Timeformer,Memory-Augmented,subject_mean,centroid_cosine_distance,0.1921384632587433,90,10
20260528_024,Timeformer,Memory-Augmented,subject_mean,semantic_axis_auroc,0.8055555555555556,90,10
20260528_025,Static,Standard,pooled,silhouette_cosine,0.009691555052995682,90,10
20260528_025,Static,Standard,pooled,centroid_cosine_distance,0.00870603322982788,90,10
20260528_025,Static,Standard,pooled,semantic_axis_auroc,0.6837797619047619,90,10
20260528_025,Static,Standard,subject_mean,silhouette_cosine,0.01784481415525079,90,10
20260528_025,Static,Standard,subject_mean,centroid_cosine_distance,0.04448255896568298,90,10
20260528_025,Static,Standard,subject_mean,semantic_axis_auroc,0.7805555555555556,90,10
20260528_025,Additive,Additive,pooled,silhouette_cosine,0.018443545326590538,90,10
20260528_025,Additive,Additive,pooled,centroid_cosine_distance,0.10000300407409668,90,10
20260528_025,Additive,Additive,pooled,semantic_axis_auroc,0.7177579365079364,90,10
20260528_025,Additive,Additive,subject_mean,silhouette_cosine,-0.06470685387030244,90,10
20260528_025,Additive,Additive,subject_mean,centroid_cosine_distance,0.1961284339427948,90,10
20260528_025,Additive,Additive,subject_mean,semantic_axis_auroc,0.7222222222222223,90,10
20260528_025,Joint,Token-Time,pooled,silhouette_cosine,0.029771089553833008,90,10
20260528_025,Joint,Token-Time,pooled,centroid_cosine_distance,0.14338016510009766,90,10
20260528_025,Joint,Token-Time,pooled,semantic_axis_auroc,0.7485119047619047,90,10
20260528_025,Joint,Token-Time,subject_mean,silhouette_cosine,-0.05837206188589335,90,10
20260528_025,Joint,Token-Time,subject_mean,centroid_cosine_distance,0.2882979318499565,90,10
20260528_025,Joint,Token-Time,subject_mean,semantic_axis_auroc,0.7944444444444445,90,10
20260528_025,Timeformer,Memory-Augmented,pooled,silhouette_cosine,0.04084102436900139,90,10
20260528_025,Timeformer,Memory-Augmented,pooled,centroid_cosine_distance,0.07426410913467407,90,10
20260528_025,Timeformer,Memory-Augmented,pooled,semantic_axis_auroc,0.6924603174603174,90,10
20260528_025,Timeformer,Memory-Augmented,subject_mean,silhouette_cosine,-0.02720774575136602,90,10
20260528_025,Timeformer,Memory-Augmented,subject_mean,centroid_cosine_distance,0.13490472435951234,90,10
20260528_025,Timeformer,Memory-Augmented,subject_mean,semantic_axis_auroc,0.7166666666666667,90,10
20260528_026,Static,Standard,pooled,silhouette_cosine,0.0788823738694191,90,10
20260528_026,Static,Standard,pooled,centroid_cosine_distance,0.07002723217010498,90,10
20260528_026,Static,Standard,pooled,semantic_axis_auroc,0.779513888888889,90,10
20260528_026,Static,Standard,subject_mean,silhouette_cosine,0.11984164565801621,90,10
20260528_026,Static,Standard,subject_mean,centroid_cosine_distance,0.07980283498764038,90,10
20260528_026,Static,Standard,subject_mean,semantic_axis_auroc,0.763888888888889,90,10
20260528_026,Additive,Additive,pooled,silhouette_cosine,0.041234105825424194,90,10
20260528_026,Additive,Additive,pooled,centroid_cosine_distance,0.08883678913116455,90,10
20260528_026,Additive,Additive,pooled,semantic_axis_auroc,0.7638888888888888,90,10
20260528_026,Additive,Additive,subject_mean,silhouette_cosine,-0.047186865098774435,90,10
20260528_026,Additive,Additive,subject_mean,centroid_cosine_distance,0.17118526101112366,90,10
20260528_026,Additive,Additive,subject_mean,semantic_axis_auroc,0.788888888888889,90,10
20260528_026,Joint,Token-Time,pooled,silhouette_cosine,0.04721340537071228,90,10
20260528_026,Joint,Token-Time,pooled,centroid_cosine_distance,0.16912662982940674,90,10
20260528_026,Joint,Token-Time,pooled,semantic_axis_auroc,0.7762896825396824,90,10
20260528_026,Joint,Token-Time,subject_mean,silhouette_cosine,-0.04648925103247166,90,10
20260528_026,Joint,Token-Time,subject_mean,centroid_cosine_distance,0.2518515795469284,90,10
20260528_026,Joint,Token-Time,subject_mean,semantic_axis_auroc,0.7444444444444444,90,10
20260528_026,Timeformer,Memory-Augmented,pooled,silhouette_cosine,0.054092757403850555,90,10
20260528_026,Timeformer,Memory-Augmented,pooled,centroid_cosine_distance,0.1306406855583191,90,10
20260528_026,Timeformer,Memory-Augmented,pooled,semantic_axis_auroc,0.6944444444444445,90,10
20260528_026,Timeformer,Memory-Augmented,subject_mean,silhouette_cosine,-0.05380001328885555,90,10
20260528_026,Timeformer,Memory-Augmented,subject_mean,centroid_cosine_distance,0.1893402546644211,90,10
20260528_026,Timeformer,Memory-Augmented,subject_mean,semantic_axis_auroc,0.7222222222222222,90,10
20260528_027,Static,Standard,pooled,silhouette_cosine,0.04682503268122673,90,10
20260528_027,Static,Standard,pooled,centroid_cosine_distance,0.05872178077697754,90,10
20260528_027,Static,Standard,pooled,semantic_axis_auroc,0.7740575396825397,90,10
20260528_027,Static,Standard,subject_mean,silhouette_cosine,0.05863224640488625,90,10
20260528_027,Static,Standard,subject_mean,centroid_cosine_distance,0.09171849489212036,90,10
20260528_027,Static,Standard,subject_mean,semantic_axis_auroc,0.836111111111111,90,10
20260528_027,Additive,Additive,pooled,silhouette_cosine,0.04976363107562065,90,10
20260528_027,Additive,Additive,pooled,centroid_cosine_distance,0.11494565010070801,90,10
20260528_027,Additive,Additive,pooled,semantic_axis_auroc,0.8199404761904762,90,10
20260528_027,Additive,Additive,subject_mean,silhouette_cosine,-0.020655693765729666,90,10
20260528_027,Additive,Additive,subject_mean,centroid_cosine_distance,0.20416901111602784,90,10
20260528_027,Additive,Additive,subject_mean,semantic_axis_auroc,0.8555555555555555,90,10
20260528_027,Joint,Token-Time,pooled,silhouette_cosine,0.0639469251036644,90,10
20260528_027,Joint,Token-Time,pooled,centroid_cosine_distance,0.09693270921707153,90,10
20260528_027,Joint,Token-Time,pooled,semantic_axis_auroc,0.7708333333333334,90,10
20260528_027,Joint,Token-Time,subject_mean,silhouette_cosine,-0.020597320795059205,90,10
20260528_027,Joint,Token-Time,subject_mean,centroid_cosine_distance,0.19185585975646974,90,10
20260528_027,Joint,Token-Time,subject_mean,semantic_axis_auroc,0.8333333333333334,90,10
20260528_027,Timeformer,Memory-Augmented,pooled,silhouette_cosine,0.03792306408286095,90,10
20260528_027,Timeformer,Memory-Augmented,pooled,centroid_cosine_distance,0.08017116785049438,90,10
20260528_027,Timeformer,Memory-Augmented,pooled,semantic_axis_auroc,0.7757936507936508,90,10
20260528_027,Timeformer,Memory-Augmented,subject_mean,silhouette_cosine,-0.02526051327586174,90,10
20260528_027,Timeformer,Memory-Augmented,subject_mean,centroid_cosine_distance,0.17257639169692993,90,10
20260528_027,Timeformer,Memory-Augmented,subject_mean,semantic_axis_auroc,0.7944444444444445,90,10
20260528_028,Static,Standard,pooled,silhouette_cosine,0.10235856473445892,90,10
20260528_028,Static,Standard,pooled,centroid_cosine_distance,0.09152472019195557,90,10
20260528_028,Static,Standard,pooled,semantic_axis_auroc,0.7552083333333334,90,10
20260528_028,Static,Standard,subject_mean,silhouette_cosine,0.1144560419023037,90,10
20260528_028,Static,Standard,subject_mean,centroid_cosine_distance,0.06156019568443298,90,10
20260528_028,Static,Standard,subject_mean,semantic_axis_auroc,0.763888888888889,90,10
20260528_028,Additive,Additive,pooled,silhouette_cosine,0.04741736128926277,90,10
20260528_028,Additive,Additive,pooled,centroid_cosine_distance,0.12267476320266724,90,10
20260528_028,Additive,Additive,pooled,semantic_axis_auroc,0.7867063492063491,90,10
20260528_028,Additive,Additive,subject_mean,silhouette_cosine,-0.042054334096610545,90,10
20260528_028,Additive,Additive,subject_mean,centroid_cosine_distance,0.1954534649848938,90,10
20260528_028,Additive,Additive,subject_mean,semantic_axis_auroc,0.8333333333333334,90,10
20260528_028,Joint,Token-Time,pooled,silhouette_cosine,0.03663988038897514,90,10
20260528_028,Joint,Token-Time,pooled,centroid_cosine_distance,0.13617265224456787,90,10
20260528_028,Joint,Token-Time,pooled,semantic_axis_auroc,0.6924603174603174,90,10
20260528_028,Joint,Token-Time,subject_mean,silhouette_cosine,-0.049914634227752684,90,10
20260528_028,Joint,Token-Time,subject_mean,centroid_cosine_distance,0.22260369062423707,90,10
20260528_028,Joint,Token-Time,subject_mean,semantic_axis_auroc,0.7166666666666667,90,10
20260528_028,Timeformer,Memory-Augmented,pooled,silhouette_cosine,0.027662059292197227,90,10
20260528_028,Timeformer,Memory-Augmented,pooled,centroid_cosine_distance,0.08442115783691406,90,10
20260528_028,Timeformer,Memory-Augmented,pooled,semantic_axis_auroc,0.7594246031746031,90,10
20260528_028,Timeformer,Memory-Augmented,subject_mean,silhouette_cosine,-0.048273119260556996,90,10
20260528_028,Timeformer,Memory-Augmented,subject_mean,centroid_cosine_distance,0.18753228783607484,90,10
20260528_028,Timeformer,Memory-Augmented,subject_mean,semantic_axis_auroc,0.7777777777777779,90,10
20260528_029,Static,Standard,pooled,silhouette_cosine,0.04086938500404358,90,10
20260528_029,Static,Standard,pooled,centroid_cosine_distance,0.14806419610977173,90,10
20260528_029,Static,Standard,pooled,semantic_axis_auroc,0.7274305555555556,90,10
20260528_029,Static,Standard,subject_mean,silhouette_cosine,0.07807027827948332,90,10
20260528_029,Static,Standard,subject_mean,centroid_cosine_distance,0.04550953507423401,90,10
20260528_029,Static,Standard,subject_mean,semantic_axis_auroc,0.7916666666666667,90,10
20260528_029,Additive,Additive,pooled,silhouette_cosine,0.05502942577004433,90,10
20260528_029,Additive,Additive,pooled,centroid_cosine_distance,0.17617833614349365,90,10
20260528_029,Additive,Additive,pooled,semantic_axis_auroc,0.7901785714285714,90,10
20260528_029,Additive,Additive,subject_mean,silhouette_cosine,-0.0577655928209424,90,10
20260528_029,Additive,Additive,subject_mean,centroid_cosine_distance,0.24064871966838836,90,10
20260528_029,Additive,Additive,subject_mean,semantic_axis_auroc,0.7666666666666667,90,10
20260528_029,Joint,Token-Time,pooled,silhouette_cosine,0.06906178593635559,90,10
20260528_029,Joint,Token-Time,pooled,centroid_cosine_distance,0.15057498216629028,90,10
20260528_029,Joint,Token-Time,pooled,semantic_axis_auroc,0.7827380952380952,90,10
20260528_029,Joint,Token-Time,subject_mean,silhouette_cosine,-0.008409339189529418,90,10
20260528_029,Joint,Token-Time,subject_mean,centroid_cosine_distance,0.2268148899078369,90,10
20260528_029,Joint,Token-Time,subject_mean,semantic_axis_auroc,0.7944444444444445,90,10
20260528_029,Timeformer,Memory-Augmented,pooled,silhouette_cosine,0.05562965199351311,90,10
20260528_029,Timeformer,Memory-Augmented,pooled,centroid_cosine_distance,0.0914696455001831,90,10
20260528_029,Timeformer,Memory-Augmented,pooled,semantic_axis_auroc,0.8015873015873016,90,10
20260528_029,Timeformer,Memory-Augmented,subject_mean,silhouette_cosine,0.016797888185828926,90,10
20260528_029,Timeformer,Memory-Augmented,subject_mean,centroid_cosine_distance,0.10942029356956481,90,10
20260528_029,Timeformer,Memory-Augmented,subject_mean,semantic_axis_auroc,0.8222222222222223,90,10
20260528_030,Static,Standard,pooled,silhouette_cosine,0.06513653695583344,90,10
20260528_030,Static,Standard,pooled,centroid_cosine_distance,0.024146080017089844,90,10
20260528_030,Static,Standard,pooled,semantic_axis_auroc,0.7532242063492064,90,10
20260528_030,Static,Standard,subject_mean,silhouette_cosine,0.13266318030655383,90,10
20260528_030,Static,Standard,subject_mean,centroid_cosine_distance,0.023934298753738405,90,10
20260528_030,Static,Standard,subject_mean,semantic_axis_auroc,0.8027777777777778,90,10
20260528_030,Additive,Additive,pooled,silhouette_cosine,0.04161347448825836,90,10
20260528_030,Additive,Additive,pooled,centroid_cosine_distance,0.15528810024261475,90,10
20260528_030,Additive,Additive,pooled,semantic_axis_auroc,0.7445436507936508,90,10
20260528_030,Additive,Additive,subject_mean,silhouette_cosine,-0.040913601568900046,90,10
20260528_030,Additive,Additive,subject_mean,centroid_cosine_distance,0.23739213943481446,90,10
20260528_030,Additive,Additive,subject_mean,semantic_axis_auroc,0.7500000000000001,90,10
20260528_030,Joint,Token-Time,pooled,silhouette_cosine,0.029633551836013794,90,10
20260528_030,Joint,Token-Time,pooled,centroid_cosine_distance,0.09654802083969116,90,10
20260528_030,Joint,Token-Time,pooled,semantic_axis_auroc,0.7251984126984127,90,10
20260528_030,Joint,Token-Time,subject_mean,silhouette_cosine,-0.06229286082088947,90,10
20260528_030,Joint,Token-Time,subject_mean,centroid_cosine_distance,0.17092919945716858,90,10
20260528_030,Joint,Token-Time,subject_mean,semantic_axis_auroc,0.7333333333333334,90,10
20260528_030,Timeformer,Memory-Augmented,pooled,silhouette_cosine,0.05811530724167824,90,10
20260528_030,Timeformer,Memory-Augmented,pooled,centroid_cosine_distance,0.15227293968200684,90,10
20260528_030,Timeformer,Memory-Augmented,pooled,semantic_axis_auroc,0.738095238095238,90,10
20260528_030,Timeformer,Memory-Augmented,subject_mean,silhouette_cosine,-0.060108297225087884,90,10
20260528_030,Timeformer,Memory-Augmented,subject_mean,centroid_cosine_distance,0.11915783286094665,90,10
20260528_030,Timeformer,Memory-Augmented,subject_mean,semantic_axis_auroc,0.7333333333333333,90,10
20260528_031,Static,Standard,pooled,silhouette_cosine,0.11135300248861313,90,10
20260528_031,Static,Standard,pooled,centroid_cosine_distance,0.07642877101898193,90,10
20260528_031,Static,Standard,pooled,semantic_axis_auroc,0.8137400793650793,90,10
20260528_031,Static,Standard,subject_mean,silhouette_cosine,0.10574004743248225,90,10
20260528_031,Static,Standard,subject_mean,centroid_cosine_distance,0.09387528896331787,90,10
20260528_031,Static,Standard,subject_mean,semantic_axis_auroc,0.8361111111111112,90,10
20260528_031,Additive,Additive,pooled,silhouette_cosine,0.04642218351364136,90,10
20260528_031,Additive,Additive,pooled,centroid_cosine_distance,0.15417414903640747,90,10
20260528_031,Additive,Additive,pooled,semantic_axis_auroc,0.7951388888888888,90,10
20260528_031,Additive,Additive,subject_mean,silhouette_cosine,-0.0316226108931005,90,10
20260528_031,Additive,Additive,subject_mean,centroid_cosine_distance,0.2542462915182114,90,10
20260528_031,Additive,Additive,subject_mean,semantic_axis_auroc,0.8111111111111112,90,10
20260528_031,Joint,Token-Time,pooled,silhouette_cosine,0.04830855876207352,90,10
20260528_031,Joint,Token-Time,pooled,centroid_cosine_distance,0.1471344232559204,90,10
20260528_031,Joint,Token-Time,pooled,semantic_axis_auroc,0.7609126984126984,90,10
20260528_031,Joint,Token-Time,subject_mean,silhouette_cosine,-0.05064637314062566,90,10
20260528_031,Joint,Token-Time,subject_mean,centroid_cosine_distance,0.2117387056350708,90,10
20260528_031,Joint,Token-Time,subject_mean,semantic_axis_auroc,0.788888888888889,90,10
20260528_031,Timeformer,Memory-Augmented,pooled,silhouette_cosine,0.04514436796307564,90,10
20260528_031,Timeformer,Memory-Augmented,pooled,centroid_cosine_distance,0.1270875334739685,90,10
20260528_031,Timeformer,Memory-Augmented,pooled,semantic_axis_auroc,0.7946428571428573,90,10
20260528_031,Timeformer,Memory-Augmented,subject_mean,silhouette_cosine,-0.057328352332115175,90,10
20260528_031,Timeformer,Memory-Augmented,subject_mean,centroid_cosine_distance,0.19668224453926086,90,10
20260528_031,Timeformer,Memory-Augmented,subject_mean,semantic_axis_auroc,0.8111111111111111,90,10
20260528_032,Static,Standard,pooled,silhouette_cosine,0.0028963510412722826,90,10
20260528_032,Static,Standard,pooled,centroid_cosine_distance,0.02292454242706299,90,10
20260528_032,Static,Standard,pooled,semantic_axis_auroc,0.6034226190476191,90,10
20260528_032,Static,Standard,subject_mean,silhouette_cosine,0.0030085416277870537,90,10
20260528_032,Static,Standard,subject_mean,centroid_cosine_distance,0.05758601427078247,90,10
20260528_032,Static,Standard,subject_mean,semantic_axis_auroc,0.675,90,10
20260528_032,Additive,Additive,pooled,silhouette_cosine,0.024575065821409225,90,10
20260528_032,Additive,Additive,pooled,centroid_cosine_distance,0.06823652982711792,90,10
20260528_032,Additive,Additive,pooled,semantic_axis_auroc,0.7435515873015873,90,10
20260528_032,Additive,Additive,subject_mean,silhouette_cosine,-0.04704260008875281,90,10
20260528_032,Additive,Additive,subject_mean,centroid_cosine_distance,0.12708548307418824,90,10
20260528_032,Additive,Additive,subject_mean,semantic_axis_auroc,0.7666666666666666,90,10
20260528_032,Joint,Token-Time,pooled,silhouette_cosine,0.036564189940690994,90,10
20260528_032,Joint,Token-Time,pooled,centroid_cosine_distance,0.08876913785934448,90,10
20260528_032,Joint,Token-Time,pooled,semantic_axis_auroc,0.6964285714285714,90,10
20260528_032,Joint,Token-Time,subject_mean,silhouette_cosine,0.0026382312178611757,90,10
20260528_032,Joint,Token-Time,subject_mean,centroid_cosine_distance,0.18005912899971008,90,10
20260528_032,Joint,Token-Time,subject_mean,semantic_axis_auroc,0.7444444444444445,90,10
20260528_032,Timeformer,Memory-Augmented,pooled,silhouette_cosine,0.03601033240556717,90,10
20260528_032,Timeformer,Memory-Augmented,pooled,centroid_cosine_distance,0.06234198808670044,90,10
20260528_032,Timeformer,Memory-Augmented,pooled,semantic_axis_auroc,0.7316468253968255,90,10
20260528_032,Timeformer,Memory-Augmented,subject_mean,silhouette_cosine,-0.04147226624190807,90,10
20260528_032,Timeformer,Memory-Augmented,subject_mean,centroid_cosine_distance,0.11137958765029907,90,10
20260528_032,Timeformer,Memory-Augmented,subject_mean,semantic_axis_auroc,0.7833333333333333,90,10
