run_id,model,model_label,metric,class,value
20260528_002,Static,Standard,path_length,stable,0.7542748041450977
20260528_002,Static,Standard,directed_drift,stable,-0.09106893185526133
20260528_002,Static,Standard,path_length,drift,0.38505613803863525
20260528_002,Static,Standard,directed_drift,drift,0.7259532816708087
20260528_002,Static,Standard,path_length,bifurc,0.7516157031059265
20260528_002,Static,Standard,directed_drift,bifurc,-0.6026084827525275
20260528_002,Static,Standard,path_contrast_drift_minus_stable,drift-stable,-0.3692186661064625
20260528_002,Static,Standard,directed_contrast_drift_minus_stable,drift-stable,0.8170222135260701
20260528_002,Static,Standard,spearman_drift,drift,0.14328762879913207
20260528_002,Static,Standard,spearman_bifurc,bifurc,0.187607854902063
20260528_002,Additive,Additive,path_length,stable,3.6246846127323806
20260528_002,Additive,Additive,directed_drift,stable,8.173625703901052
20260528_002,Additive,Additive,path_length,drift,2.427024951949716
20260528_002,Additive,Additive,directed_drift,drift,12.249933503568172
20260528_002,Additive,Additive,path_length,bifurc,2.734274868454252
20260528_002,Additive,Additive,directed_drift,bifurc,12.384483267154012
20260528_002,Additive,Additive,path_contrast_drift_minus_stable,drift-stable,-1.1976596607826648
20260528_002,Additive,Additive,directed_contrast_drift_minus_stable,drift-stable,4.07630779966712
20260528_002,Additive,Additive,spearman_drift,drift,0.8409038032678782
20260528_002,Additive,Additive,spearman_bifurc,bifurc,0.755088989819513
20260528_002,Joint,Token-Time,path_length,stable,2.9843022077111527
20260528_002,Joint,Token-Time,directed_drift,stable,9.91798099130392
20260528_002,Joint,Token-Time,path_length,drift,1.140245822072029
20260528_002,Joint,Token-Time,directed_drift,drift,16.84972879588604
20260528_002,Joint,Token-Time,path_length,bifurc,2.13519745479737
20260528_002,Joint,Token-Time,directed_drift,bifurc,11.97602465748787
20260528_002,Joint,Token-Time,path_contrast_drift_minus_stable,drift-stable,-1.8440563856391237
20260528_002,Joint,Token-Time,directed_contrast_drift_minus_stable,drift-stable,6.93174780458212
20260528_002,Joint,Token-Time,spearman_drift,drift,0.8895447641429757
20260528_002,Joint,Token-Time,spearman_bifurc,bifurc,0.6000690706565436
20260528_002,Timeformer,Memory-Augmented,path_length,stable,3.0830994207644835
20260528_002,Timeformer,Memory-Augmented,directed_drift,stable,10.684716787189245
20260528_002,Timeformer,Memory-Augmented,path_length,drift,3.0043394941836596
20260528_002,Timeformer,Memory-Augmented,directed_drift,drift,14.175848180055619
20260528_002,Timeformer,Memory-Augmented,path_length,bifurc,2.9715611349259103
20260528_002,Timeformer,Memory-Augmented,directed_drift,bifurc,12.954368295414108
20260528_002,Timeformer,Memory-Augmented,path_contrast_drift_minus_stable,drift-stable,-0.07875992658082387
20260528_002,Timeformer,Memory-Augmented,directed_contrast_drift_minus_stable,drift-stable,3.4911313928663734
20260528_002,Timeformer,Memory-Augmented,spearman_drift,drift,0.8977015103456537
20260528_002,Timeformer,Memory-Augmented,spearman_bifurc,bifurc,0.8396510521786145
20260528_003,Static,Standard,path_length,stable,0.9177734293043613
20260528_003,Static,Standard,directed_drift,stable,0.15755549259483814
20260528_003,Static,Standard,path_length,drift,0.6629671335220337
20260528_003,Static,Standard,directed_drift,drift,0.1807944692671299
20260528_003,Static,Standard,path_length,bifurc,0.7170340663620404
20260528_003,Static,Standard,directed_drift,bifurc,-1.270898916891643
20260528_003,Static,Standard,path_contrast_drift_minus_stable,drift-stable,-0.2548062957823276
20260528_003,Static,Standard,directed_contrast_drift_minus_stable,drift-stable,0.023238976672291745
20260528_003,Static,Standard,spearman_drift,drift,0.17062219437476248
20260528_003,Static,Standard,spearman_bifurc,bifurc,0.07652911241925173
20260528_003,Additive,Additive,path_length,stable,3.532592658419162
20260528_003,Additive,Additive,directed_drift,stable,11.400188252329826
20260528_003,Additive,Additive,path_length,drift,1.8787911795079708
20260528_003,Additive,Additive,directed_drift,drift,14.290528978407384
20260528_003,Additive,Additive,path_length,bifurc,1.9770638378603118
20260528_003,Additive,Additive,directed_drift,bifurc,14.624942724193845
20260528_003,Additive,Additive,path_contrast_drift_minus_stable,drift-stable,-1.6538014789111912
20260528_003,Additive,Additive,directed_contrast_drift_minus_stable,drift-stable,2.8903407260775573
20260528_003,Additive,Additive,spearman_drift,drift,0.8892850814999624
20260528_003,Additive,Additive,spearman_bifurc,bifurc,0.8288458588213399
20260528_003,Joint,Token-Time,path_length,stable,3.4817720535211265
20260528_003,Joint,Token-Time,directed_drift,stable,11.965177945792675
20260528_003,Joint,Token-Time,path_length,drift,1.855641669780016
20260528_003,Joint,Token-Time,directed_drift,drift,14.812648551538587
20260528_003,Joint,Token-Time,path_length,bifurc,2.5358191473143443
20260528_003,Joint,Token-Time,directed_drift,bifurc,10.211897615875516
20260528_003,Joint,Token-Time,path_contrast_drift_minus_stable,drift-stable,-1.6261303837411105
20260528_003,Joint,Token-Time,directed_contrast_drift_minus_stable,drift-stable,2.8474706057459116
20260528_003,Joint,Token-Time,spearman_drift,drift,0.8051997104418154
20260528_003,Joint,Token-Time,spearman_bifurc,bifurc,0.6362483408534392
20260528_003,Timeformer,Memory-Augmented,path_length,stable,3.7483877597842366
20260528_003,Timeformer,Memory-Augmented,directed_drift,stable,9.043418170884252
20260528_003,Timeformer,Memory-Augmented,path_length,drift,2.3333121979609133
20260528_003,Timeformer,Memory-Augmented,directed_drift,drift,12.194142382591963
20260528_003,Timeformer,Memory-Augmented,path_length,bifurc,2.782805078795978
20260528_003,Timeformer,Memory-Augmented,directed_drift,bifurc,9.954156462635313
20260528_003,Timeformer,Memory-Augmented,path_contrast_drift_minus_stable,drift-stable,-1.4150755618233233
20260528_003,Timeformer,Memory-Augmented,directed_contrast_drift_minus_stable,drift-stable,3.150724211707711
20260528_003,Timeformer,Memory-Augmented,spearman_drift,drift,0.8684374264324781
20260528_003,Timeformer,Memory-Augmented,spearman_bifurc,bifurc,0.813361996974375
20260528_004,Static,Standard,path_length,stable,0.7544429264962673
20260528_004,Static,Standard,directed_drift,stable,0.7028152383863926
20260528_004,Static,Standard,path_length,drift,0.3399876356124878
20260528_004,Static,Standard,directed_drift,drift,1.5299286268651486
20260528_004,Static,Standard,path_length,bifurc,0.6081819662025997
20260528_004,Static,Standard,directed_drift,bifurc,1.4425628717456545
20260528_004,Static,Standard,path_contrast_drift_minus_stable,drift-stable,-0.4144552908837795
20260528_004,Static,Standard,directed_contrast_drift_minus_stable,drift-stable,0.827113388478756
20260528_004,Static,Standard,spearman_drift,drift,0.4554469215330365
20260528_004,Static,Standard,spearman_bifurc,bifurc,0.3665814325294837
20260528_004,Additive,Additive,path_length,stable,3.5390637022210285
20260528_004,Additive,Additive,directed_drift,stable,11.205908192321658
20260528_004,Additive,Additive,path_length,drift,2.3793538765981794
20260528_004,Additive,Additive,directed_drift,drift,13.459082405269147
20260528_004,Additive,Additive,path_length,bifurc,2.4570625758330737
20260528_004,Additive,Additive,directed_drift,bifurc,11.672030859759875
20260528_004,Additive,Additive,path_contrast_drift_minus_stable,drift-stable,-1.159709825622849
20260528_004,Additive,Additive,directed_contrast_drift_minus_stable,drift-stable,2.2531742129474885
20260528_004,Additive,Additive,spearman_drift,drift,0.9088265737496277
20260528_004,Additive,Additive,spearman_bifurc,bifurc,0.8310014596028548
20260528_004,Joint,Token-Time,path_length,stable,1.199475072324276
20260528_004,Joint,Token-Time,directed_drift,stable,9.822397593408823
20260528_004,Joint,Token-Time,path_length,drift,1.5336272463202476
20260528_004,Joint,Token-Time,directed_drift,drift,14.715787735581397
20260528_004,Joint,Token-Time,path_length,bifurc,1.227048201220376
20260528_004,Joint,Token-Time,directed_drift,bifurc,12.602892439280238
20260528_004,Joint,Token-Time,path_contrast_drift_minus_stable,drift-stable,0.33415217399597164
20260528_004,Joint,Token-Time,directed_contrast_drift_minus_stable,drift-stable,4.893390142172574
20260528_004,Joint,Token-Time,spearman_drift,drift,0.8598468536519777
20260528_004,Joint,Token-Time,spearman_bifurc,bifurc,0.8235178549329106
20260528_004,Timeformer,Memory-Augmented,path_length,stable,3.820949321379885
20260528_004,Timeformer,Memory-Augmented,directed_drift,stable,9.741160018369555
20260528_004,Timeformer,Memory-Augmented,path_length,drift,2.617574526742101
20260528_004,Timeformer,Memory-Augmented,directed_drift,drift,12.612189722061157
20260528_004,Timeformer,Memory-Augmented,path_length,bifurc,2.7581139355897903
20260528_004,Timeformer,Memory-Augmented,directed_drift,bifurc,13.276729194181305
20260528_004,Timeformer,Memory-Augmented,path_contrast_drift_minus_stable,drift-stable,-1.2033747946377842
20260528_004,Timeformer,Memory-Augmented,directed_contrast_drift_minus_stable,drift-stable,2.871029703691601
20260528_004,Timeformer,Memory-Augmented,spearman_drift,drift,0.8601471799247188
20260528_004,Timeformer,Memory-Augmented,spearman_bifurc,bifurc,0.8198670280970506
20260528_005,Static,Standard,path_length,stable,1.111667562276125
20260528_005,Static,Standard,directed_drift,stable,0.006325993686914444
20260528_005,Static,Standard,path_length,drift,0.4859375774860382
20260528_005,Static,Standard,directed_drift,drift,2.022377148270607
20260528_005,Static,Standard,path_length,bifurc,0.10484071288790021
20260528_005,Static,Standard,directed_drift,bifurc,0.059058124598647864
20260528_005,Static,Standard,path_contrast_drift_minus_stable,drift-stable,-0.6257299847900868
20260528_005,Static,Standard,directed_contrast_drift_minus_stable,drift-stable,2.0160511545836926
20260528_005,Static,Standard,spearman_drift,drift,0.3093155938229518
20260528_005,Static,Standard,spearman_bifurc,bifurc,0.2711983805331755
20260528_005,Additive,Additive,path_length,stable,3.5311793808359653
20260528_005,Additive,Additive,directed_drift,stable,9.273829899728298
20260528_005,Additive,Additive,path_length,drift,2.707668187841773
20260528_005,Additive,Additive,directed_drift,drift,14.702707070857286
20260528_005,Additive,Additive,path_length,bifurc,2.7718813674790517
20260528_005,Additive,Additive,directed_drift,bifurc,13.20166035422257
20260528_005,Additive,Additive,path_contrast_drift_minus_stable,drift-stable,-0.8235111929941921
20260528_005,Additive,Additive,directed_contrast_drift_minus_stable,drift-stable,5.428877171128988
20260528_005,Additive,Additive,spearman_drift,drift,0.9280579952616828
20260528_005,Additive,Additive,spearman_bifurc,bifurc,0.8319388277364677
20260528_005,Joint,Token-Time,path_length,stable,3.4137646947056055
20260528_005,Joint,Token-Time,directed_drift,stable,10.208945197984576
20260528_005,Joint,Token-Time,path_length,drift,2.043494505691342
20260528_005,Joint,Token-Time,directed_drift,drift,14.870069991797209
20260528_005,Joint,Token-Time,path_length,bifurc,2.1896521214927946
20260528_005,Joint,Token-Time,directed_drift,bifurc,12.611184386270386
20260528_005,Joint,Token-Time,path_contrast_drift_minus_stable,drift-stable,-1.3702701890142635
20260528_005,Joint,Token-Time,directed_contrast_drift_minus_stable,drift-stable,4.661124793812633
20260528_005,Joint,Token-Time,spearman_drift,drift,0.9256636828897573
20260528_005,Joint,Token-Time,spearman_bifurc,bifurc,0.7544054212390827
20260528_005,Timeformer,Memory-Augmented,path_length,stable,3.623582544969395
20260528_005,Timeformer,Memory-Augmented,directed_drift,stable,14.43291100114584
20260528_005,Timeformer,Memory-Augmented,path_length,drift,2.35418178960681
20260528_005,Timeformer,Memory-Augmented,directed_drift,drift,19.28647620677948
20260528_005,Timeformer,Memory-Augmented,path_length,bifurc,2.726383326309068
20260528_005,Timeformer,Memory-Augmented,directed_drift,bifurc,18.130262821912766
20260528_005,Timeformer,Memory-Augmented,path_contrast_drift_minus_stable,drift-stable,-1.269400755362585
20260528_005,Timeformer,Memory-Augmented,directed_contrast_drift_minus_stable,drift-stable,4.85356520563364
20260528_005,Timeformer,Memory-Augmented,spearman_drift,drift,0.9317392539765219
20260528_005,Timeformer,Memory-Augmented,spearman_bifurc,bifurc,0.8449034050147022
20260528_006,Static,Standard,path_length,stable,1.4640343729406595
20260528_006,Static,Standard,directed_drift,stable,0.705563582945615
20260528_006,Static,Standard,path_length,drift,1.0871080587618054
20260528_006,Static,Standard,directed_drift,drift,1.460892280191183
20260528_006,Static,Standard,path_length,bifurc,0.7764576375484467
20260528_006,Static,Standard,directed_drift,bifurc,1.5233877412974834
20260528_006,Static,Standard,path_contrast_drift_minus_stable,drift-stable,-0.37692631417885414
20260528_006,Static,Standard,directed_contrast_drift_minus_stable,drift-stable,0.755328697245568
20260528_006,Static,Standard,spearman_drift,drift,0.26335160993158274
20260528_006,Static,Standard,spearman_bifurc,bifurc,0.38597031820981653
20260528_006,Additive,Additive,path_length,stable,3.4663384999148548
20260528_006,Additive,Additive,directed_drift,stable,10.152436593547463
20260528_006,Additive,Additive,path_length,drift,2.406749181263149
20260528_006,Additive,Additive,directed_drift,drift,14.089989945292473
20260528_006,Additive,Additive,path_length,bifurc,2.623614295252732
20260528_006,Additive,Additive,directed_drift,bifurc,14.925180824739593
20260528_006,Additive,Additive,path_contrast_drift_minus_stable,drift-stable,-1.0595893186517058
20260528_006,Additive,Additive,directed_contrast_drift_minus_stable,drift-stable,3.9375533517450094
20260528_006,Additive,Additive,spearman_drift,drift,0.8641436733014288
20260528_006,Additive,Additive,spearman_bifurc,bifurc,0.8276832482222666
20260528_006,Joint,Token-Time,path_length,stable,3.791631158848759
20260528_006,Joint,Token-Time,directed_drift,stable,12.108641602098942
20260528_006,Joint,Token-Time,path_length,drift,2.3690634054131805
20260528_006,Joint,Token-Time,directed_drift,drift,16.155258813500403
20260528_006,Joint,Token-Time,path_length,bifurc,2.523696320397513
20260528_006,Joint,Token-Time,directed_drift,bifurc,14.658950690712247
20260528_006,Joint,Token-Time,path_contrast_drift_minus_stable,drift-stable,-1.4225677534355783
20260528_006,Joint,Token-Time,directed_contrast_drift_minus_stable,drift-stable,4.046617211401461
20260528_006,Joint,Token-Time,spearman_drift,drift,0.9360864617205701
20260528_006,Joint,Token-Time,spearman_bifurc,bifurc,0.8336339710744005
20260528_006,Timeformer,Memory-Augmented,path_length,stable,3.0083922559861094
20260528_006,Timeformer,Memory-Augmented,directed_drift,stable,11.118789937347174
20260528_006,Timeformer,Memory-Augmented,path_length,drift,2.060630387067795
20260528_006,Timeformer,Memory-Augmented,directed_drift,drift,14.328643207252025
20260528_006,Timeformer,Memory-Augmented,path_length,bifurc,2.416449029530798
20260528_006,Timeformer,Memory-Augmented,directed_drift,bifurc,11.403455500091825
20260528_006,Timeformer,Memory-Augmented,path_contrast_drift_minus_stable,drift-stable,-0.9477618689183145
20260528_006,Timeformer,Memory-Augmented,directed_contrast_drift_minus_stable,drift-stable,3.209853269904851
20260528_006,Timeformer,Memory-Augmented,spearman_drift,drift,0.7662900140388097
20260528_006,Timeformer,Memory-Augmented,spearman_bifurc,bifurc,0.6357889445697819
20260528_007,Static,Standard,path_length,stable,0.6284107696264982
20260528_007,Static,Standard,directed_drift,stable,0.7622206443920732
20260528_007,Static,Standard,path_length,drift,0.11632304787635803
20260528_007,Static,Standard,directed_drift,drift,1.106908616051078
20260528_007,Static,Standard,path_length,bifurc,0.5108926721981594
20260528_007,Static,Standard,directed_drift,bifurc,1.2707770871264594
20260528_007,Static,Standard,path_contrast_drift_minus_stable,drift-stable,-0.5120877217501402
20260528_007,Static,Standard,directed_contrast_drift_minus_stable,drift-stable,0.3446879716590048
20260528_007,Static,Standard,spearman_drift,drift,0.39747076653786684
20260528_007,Static,Standard,spearman_bifurc,bifurc,0.34888189173577683
20260528_007,Additive,Additive,path_length,stable,3.256250800623093
20260528_007,Additive,Additive,directed_drift,stable,8.767476677894592
20260528_007,Additive,Additive,path_length,drift,2.7764186158776285
20260528_007,Additive,Additive,directed_drift,drift,12.687587679177522
20260528_007,Additive,Additive,path_length,bifurc,2.738373190164566
20260528_007,Additive,Additive,directed_drift,bifurc,10.124332853725978
20260528_007,Additive,Additive,path_contrast_drift_minus_stable,drift-stable,-0.4798321847454643
20260528_007,Additive,Additive,directed_contrast_drift_minus_stable,drift-stable,3.9201110012829297
20260528_007,Additive,Additive,spearman_drift,drift,0.9170719251789116
20260528_007,Additive,Additive,spearman_bifurc,bifurc,0.8306274386271333
20260528_007,Joint,Token-Time,path_length,stable,4.013039906974882
20260528_007,Joint,Token-Time,directed_drift,stable,9.90154211781919
20260528_007,Joint,Token-Time,path_length,drift,2.956986870151013
20260528_007,Joint,Token-Time,directed_drift,drift,15.053690373897552
20260528_007,Joint,Token-Time,path_length,bifurc,2.9846966937184334
20260528_007,Joint,Token-Time,directed_drift,bifurc,13.985289769513267
20260528_007,Joint,Token-Time,path_contrast_drift_minus_stable,drift-stable,-1.0560530368238688
20260528_007,Joint,Token-Time,directed_contrast_drift_minus_stable,drift-stable,5.1521482560783625
20260528_007,Joint,Token-Time,spearman_drift,drift,0.8642869180713785
20260528_007,Joint,Token-Time,spearman_bifurc,bifurc,0.8337994212929221
20260528_007,Timeformer,Memory-Augmented,path_length,stable,3.6897602756507695
20260528_007,Timeformer,Memory-Augmented,directed_drift,stable,11.854047790169716
20260528_007,Timeformer,Memory-Augmented,path_length,drift,2.11643795594573
20260528_007,Timeformer,Memory-Augmented,directed_drift,drift,18.313824809342623
20260528_007,Timeformer,Memory-Augmented,path_length,bifurc,2.6667193983282362
20260528_007,Timeformer,Memory-Augmented,directed_drift,bifurc,20.23325518625123
20260528_007,Timeformer,Memory-Augmented,path_contrast_drift_minus_stable,drift-stable,-1.5733223197050394
20260528_007,Timeformer,Memory-Augmented,directed_contrast_drift_minus_stable,drift-stable,6.459777019172908
20260528_007,Timeformer,Memory-Augmented,spearman_drift,drift,0.8139890800111236
20260528_007,Timeformer,Memory-Augmented,spearman_bifurc,bifurc,0.6837425424770613
20260528_008,Static,Standard,path_length,stable,0.1718241646885872
20260528_008,Static,Standard,directed_drift,stable,0.5162719041109085
20260528_008,Static,Standard,path_length,drift,0.8062278896570205
20260528_008,Static,Standard,directed_drift,drift,0.6952554687857628
20260528_008,Static,Standard,path_length,bifurc,0.7856470601899284
20260528_008,Static,Standard,directed_drift,bifurc,-1.617110060794013
20260528_008,Static,Standard,path_contrast_drift_minus_stable,drift-stable,0.6344037249684333
20260528_008,Static,Standard,directed_contrast_drift_minus_stable,drift-stable,0.17898356467485432
20260528_008,Static,Standard,spearman_drift,drift,0.138408806117782
20260528_008,Static,Standard,spearman_bifurc,bifurc,0.06075622554933542
20260528_008,Additive,Additive,path_length,stable,3.21358779957518
20260528_008,Additive,Additive,directed_drift,stable,9.67527754791081
20260528_008,Additive,Additive,path_length,drift,2.3873846588656304
20260528_008,Additive,Additive,directed_drift,drift,14.693008428812027
20260528_008,Additive,Additive,path_length,bifurc,2.8408941807491437
20260528_008,Additive,Additive,directed_drift,bifurc,12.17412879211562
20260528_008,Additive,Additive,path_contrast_drift_minus_stable,drift-stable,-0.8262031407095494
20260528_008,Additive,Additive,directed_contrast_drift_minus_stable,drift-stable,5.017730880901217
20260528_008,Additive,Additive,spearman_drift,drift,0.9226847087480795
20260528_008,Additive,Additive,spearman_bifurc,bifurc,0.8021624377352824
20260528_008,Joint,Token-Time,path_length,stable,3.3183257046039216
20260528_008,Joint,Token-Time,directed_drift,stable,12.807112701237202
20260528_008,Joint,Token-Time,path_length,drift,2.7626504085958006
20260528_008,Joint,Token-Time,directed_drift,drift,16.436734890937807
20260528_008,Joint,Token-Time,path_length,bifurc,2.7452343042407716
20260528_008,Joint,Token-Time,directed_drift,bifurc,14.434431320854596
20260528_008,Joint,Token-Time,path_contrast_drift_minus_stable,drift-stable,-0.555675296008121
20260528_008,Joint,Token-Time,directed_contrast_drift_minus_stable,drift-stable,3.629622189700605
20260528_008,Joint,Token-Time,spearman_drift,drift,0.9125078324644667
20260528_008,Joint,Token-Time,spearman_bifurc,bifurc,0.8222766813810377
20260528_008,Timeformer,Memory-Augmented,path_length,stable,2.9947527241893113
20260528_008,Timeformer,Memory-Augmented,directed_drift,stable,13.116514313966036
20260528_008,Timeformer,Memory-Augmented,path_length,drift,2.2032703816890717
20260528_008,Timeformer,Memory-Augmented,directed_drift,drift,18.6072633638978
20260528_008,Timeformer,Memory-Augmented,path_length,bifurc,2.731619043009622
20260528_008,Timeformer,Memory-Augmented,directed_drift,bifurc,13.482783961508956
20260528_008,Timeformer,Memory-Augmented,path_contrast_drift_minus_stable,drift-stable,-0.7914823425002395
20260528_008,Timeformer,Memory-Augmented,directed_contrast_drift_minus_stable,drift-stable,5.490749049931765
20260528_008,Timeformer,Memory-Augmented,spearman_drift,drift,0.910306937139285
20260528_008,Timeformer,Memory-Augmented,spearman_bifurc,bifurc,0.7383866610601927
20260528_009,Static,Standard,path_length,stable,1.7809459138661623
20260528_009,Static,Standard,directed_drift,stable,1.3060322515666485
20260528_009,Static,Standard,path_length,drift,0.9148701369762421
20260528_009,Static,Standard,directed_drift,drift,2.7708021186292173
20260528_009,Static,Standard,path_length,bifurc,1.2968779248850686
20260528_009,Static,Standard,directed_drift,bifurc,3.976879256112235
20260528_009,Static,Standard,path_contrast_drift_minus_stable,drift-stable,-0.8660757768899202
20260528_009,Static,Standard,directed_contrast_drift_minus_stable,drift-stable,1.4647698670625688
20260528_009,Static,Standard,spearman_drift,drift,0.41003294950873304
20260528_009,Static,Standard,spearman_bifurc,bifurc,0.23841481690349728
20260528_009,Additive,Additive,path_length,stable,3.7785892030224204
20260528_009,Additive,Additive,directed_drift,stable,11.062908254563808
20260528_009,Additive,Additive,path_length,drift,2.7048911966383455
20260528_009,Additive,Additive,directed_drift,drift,14.08794217184186
20260528_009,Additive,Additive,path_length,bifurc,2.7323754546897754
20260528_009,Additive,Additive,directed_drift,bifurc,13.050382058535304
20260528_009,Additive,Additive,path_contrast_drift_minus_stable,drift-stable,-1.0736980063840749
20260528_009,Additive,Additive,directed_contrast_drift_minus_stable,drift-stable,3.0250339172780514
20260528_009,Additive,Additive,spearman_drift,drift,0.9121871047864744
20260528_009,Additive,Additive,spearman_bifurc,bifurc,0.8327382483569746
20260528_009,Joint,Token-Time,path_length,stable,3.0551622742787004
20260528_009,Joint,Token-Time,directed_drift,stable,11.049629852175713
20260528_009,Joint,Token-Time,path_length,drift,2.106095101684332
20260528_009,Joint,Token-Time,directed_drift,drift,16.700986360013484
20260528_009,Joint,Token-Time,path_length,bifurc,2.867168556366648
20260528_009,Joint,Token-Time,directed_drift,bifurc,13.078930552516665
20260528_009,Joint,Token-Time,path_contrast_drift_minus_stable,drift-stable,-0.9490671725943685
20260528_009,Joint,Token-Time,directed_contrast_drift_minus_stable,drift-stable,5.651356507837772
20260528_009,Joint,Token-Time,spearman_drift,drift,0.922669743721921
20260528_009,Joint,Token-Time,spearman_bifurc,bifurc,0.8477714756363447
20260528_009,Timeformer,Memory-Augmented,path_length,stable,3.351119418628514
20260528_009,Timeformer,Memory-Augmented,directed_drift,stable,13.861438877880573
20260528_009,Timeformer,Memory-Augmented,path_length,drift,1.84851430952549
20260528_009,Timeformer,Memory-Augmented,directed_drift,drift,16.61295091509819
20260528_009,Timeformer,Memory-Augmented,path_length,bifurc,2.3129239016478613
20260528_009,Timeformer,Memory-Augmented,directed_drift,bifurc,14.00840141730649
20260528_009,Timeformer,Memory-Augmented,path_contrast_drift_minus_stable,drift-stable,-1.502605109103024
20260528_009,Timeformer,Memory-Augmented,directed_contrast_drift_minus_stable,drift-stable,2.7515120372176156
20260528_009,Timeformer,Memory-Augmented,spearman_drift,drift,0.9140181259064413
20260528_009,Timeformer,Memory-Augmented,spearman_bifurc,bifurc,0.8377938636765648
20260528_010,Static,Standard,path_length,stable,0.04197769612073898
20260528_010,Static,Standard,directed_drift,stable,0.05210015084594488
20260528_010,Static,Standard,path_length,drift,0.11203179359436036
20260528_010,Static,Standard,directed_drift,drift,0.9662761148065329
20260528_010,Static,Standard,path_length,bifurc,0.10807727064405169
20260528_010,Static,Standard,directed_drift,bifurc,1.2125600994165455
20260528_010,Static,Standard,path_contrast_drift_minus_stable,drift-stable,0.07005409747362137
20260528_010,Static,Standard,directed_contrast_drift_minus_stable,drift-stable,0.914175963960588
20260528_010,Static,Standard,spearman_drift,drift,0.44612861969238143
20260528_010,Static,Standard,spearman_bifurc,bifurc,0.3573923810207053
20260528_010,Additive,Additive,path_length,stable,3.0765299489721656
20260528_010,Additive,Additive,directed_drift,stable,11.884220223873854
20260528_010,Additive,Additive,path_length,drift,2.1385983252897858
20260528_010,Additive,Additive,directed_drift,drift,12.973665171861649
20260528_010,Additive,Additive,path_length,bifurc,2.6518699218119894
20260528_010,Additive,Additive,directed_drift,bifurc,13.406532613294464
20260528_010,Additive,Additive,path_contrast_drift_minus_stable,drift-stable,-0.9379316236823798
20260528_010,Additive,Additive,directed_contrast_drift_minus_stable,drift-stable,1.0894449479877952
20260528_010,Additive,Additive,spearman_drift,drift,0.8487153847563687
20260528_010,Additive,Additive,spearman_bifurc,bifurc,0.8451772970041794
20260528_010,Joint,Token-Time,path_length,stable,3.753228093031794
20260528_010,Joint,Token-Time,directed_drift,stable,7.404261366464198
20260528_010,Joint,Token-Time,path_length,drift,2.4542250603437425
20260528_010,Joint,Token-Time,directed_drift,drift,11.569538924098016
20260528_010,Joint,Token-Time,path_length,bifurc,2.8563344265733446
20260528_010,Joint,Token-Time,directed_drift,bifurc,10.575083960379873
20260528_010,Joint,Token-Time,path_contrast_drift_minus_stable,drift-stable,-1.2990030326880513
20260528_010,Joint,Token-Time,directed_contrast_drift_minus_stable,drift-stable,4.165277557633818
20260528_010,Joint,Token-Time,spearman_drift,drift,0.8414276924574828
20260528_010,Joint,Token-Time,spearman_bifurc,bifurc,0.8047379394095421
20260528_010,Timeformer,Memory-Augmented,path_length,stable,3.108598903287202
20260528_010,Timeformer,Memory-Augmented,directed_drift,stable,11.4786097407341
20260528_010,Timeformer,Memory-Augmented,path_length,drift,2.4299669062718747
20260528_010,Timeformer,Memory-Augmented,directed_drift,drift,11.456257861107588
20260528_010,Timeformer,Memory-Augmented,path_length,bifurc,3.0038597589092597
20260528_010,Timeformer,Memory-Augmented,directed_drift,bifurc,11.090531132050923
20260528_010,Timeformer,Memory-Augmented,path_contrast_drift_minus_stable,drift-stable,-0.6786319970153274
20260528_010,Timeformer,Memory-Augmented,directed_contrast_drift_minus_stable,drift-stable,-0.022351879626512527
20260528_010,Timeformer,Memory-Augmented,spearman_drift,drift,0.857012093392792
20260528_010,Timeformer,Memory-Augmented,spearman_bifurc,bifurc,0.8283671691791732
20260528_011,Static,Standard,path_length,stable,1.5749619454145432
20260528_011,Static,Standard,directed_drift,stable,-0.4238859638571739
20260528_011,Static,Standard,path_length,drift,0.7080747336149216
20260528_011,Static,Standard,directed_drift,drift,2.9500813335180283
20260528_011,Static,Standard,path_length,bifurc,1.1912186199000903
20260528_011,Static,Standard,directed_drift,bifurc,4.825909370822566
20260528_011,Static,Standard,path_contrast_drift_minus_stable,drift-stable,-0.8668872117996216
20260528_011,Static,Standard,directed_contrast_drift_minus_stable,drift-stable,3.373967297375202
20260528_011,Static,Standard,spearman_drift,drift,0.41709727480620096
20260528_011,Static,Standard,spearman_bifurc,bifurc,0.32962006020752627
20260528_011,Additive,Additive,path_length,stable,4.260924724629149
20260528_011,Additive,Additive,directed_drift,stable,7.385017359629273
20260528_011,Additive,Additive,path_length,drift,2.9795931339729576
20260528_011,Additive,Additive,directed_drift,drift,12.545676158368588
20260528_011,Additive,Additive,path_length,bifurc,3.1376338370942642
20260528_011,Additive,Additive,directed_drift,bifurc,13.322085623230253
20260528_011,Additive,Additive,path_contrast_drift_minus_stable,drift-stable,-1.2813315906561913
20260528_011,Additive,Additive,directed_contrast_drift_minus_stable,drift-stable,5.160658798739314
20260528_011,Additive,Additive,spearman_drift,drift,0.8673920745509882
20260528_011,Additive,Additive,spearman_bifurc,bifurc,0.7739531032641358
20260528_011,Joint,Token-Time,path_length,stable,4.008648534771055
20260528_011,Joint,Token-Time,directed_drift,stable,10.944989629089832
20260528_011,Joint,Token-Time,path_length,drift,2.8001722872024404
20260528_011,Joint,Token-Time,directed_drift,drift,17.726136610656976
20260528_011,Joint,Token-Time,path_length,bifurc,3.1317811539130553
20260528_011,Joint,Token-Time,directed_drift,bifurc,15.153926721640996
20260528_011,Joint,Token-Time,path_contrast_drift_minus_stable,drift-stable,-1.2084762475686146
20260528_011,Joint,Token-Time,directed_contrast_drift_minus_stable,drift-stable,6.781146981567144
20260528_011,Joint,Token-Time,spearman_drift,drift,0.8981600464145032
20260528_011,Joint,Token-Time,spearman_bifurc,bifurc,0.8155582404045848
20260528_011,Timeformer,Memory-Augmented,path_length,stable,3.0708919401513413
20260528_011,Timeformer,Memory-Augmented,directed_drift,stable,9.296044874936342
20260528_011,Timeformer,Memory-Augmented,path_length,drift,2.3308460235595705
20260528_011,Timeformer,Memory-Augmented,directed_drift,drift,12.24687168225646
20260528_011,Timeformer,Memory-Augmented,path_length,bifurc,2.539913064667157
20260528_011,Timeformer,Memory-Augmented,directed_drift,bifurc,9.248608846749578
20260528_011,Timeformer,Memory-Augmented,path_contrast_drift_minus_stable,drift-stable,-0.7400459165917708
20260528_011,Timeformer,Memory-Augmented,directed_contrast_drift_minus_stable,drift-stable,2.9508268073201176
20260528_011,Timeformer,Memory-Augmented,spearman_drift,drift,0.8318429091848293
20260528_011,Timeformer,Memory-Augmented,spearman_bifurc,bifurc,0.7260749625472596
20260528_012,Static,Standard,path_length,stable,0.18572736531496048
20260528_012,Static,Standard,directed_drift,stable,0.7168560631107539
20260528_012,Static,Standard,path_length,drift,0.37100307196378707
20260528_012,Static,Standard,directed_drift,drift,1.2514109469950199
20260528_012,Static,Standard,path_length,bifurc,0.6376430945737022
20260528_012,Static,Standard,directed_drift,bifurc,1.8608851847904069
20260528_012,Static,Standard,path_contrast_drift_minus_stable,drift-stable,0.1852757066488266
20260528_012,Static,Standard,directed_contrast_drift_minus_stable,drift-stable,0.534554883884266
20260528_012,Static,Standard,spearman_drift,drift,0.5075520473575161
20260528_012,Static,Standard,spearman_bifurc,bifurc,0.3588252790547902
20260528_012,Additive,Additive,path_length,stable,3.8001298108138144
20260528_012,Additive,Additive,directed_drift,stable,9.52318611368537
20260528_012,Additive,Additive,path_length,drift,2.803545162640512
20260528_012,Additive,Additive,directed_drift,drift,11.550629612803458
20260528_012,Additive,Additive,path_length,bifurc,2.8809997694832936
20260528_012,Additive,Additive,directed_drift,bifurc,9.795788373265948
20260528_012,Additive,Additive,path_contrast_drift_minus_stable,drift-stable,-0.9965846481733025
20260528_012,Additive,Additive,directed_contrast_drift_minus_stable,drift-stable,2.027443499118089
20260528_012,Additive,Additive,spearman_drift,drift,0.8940523357260197
20260528_012,Additive,Additive,spearman_bifurc,bifurc,0.8406519361208066
20260528_012,Joint,Token-Time,path_length,stable,3.939712345832959
20260528_012,Joint,Token-Time,directed_drift,stable,8.657084621489048
20260528_012,Joint,Token-Time,path_length,drift,2.7745995430275796
20260528_012,Joint,Token-Time,directed_drift,drift,12.392780943214893
20260528_012,Joint,Token-Time,path_length,bifurc,3.009369021015508
20260528_012,Joint,Token-Time,directed_drift,bifurc,12.65795309628759
20260528_012,Joint,Token-Time,path_contrast_drift_minus_stable,drift-stable,-1.1651128028053792
20260528_012,Joint,Token-Time,directed_contrast_drift_minus_stable,drift-stable,3.735696321725845
20260528_012,Joint,Token-Time,spearman_drift,drift,0.8297863869229138
20260528_012,Joint,Token-Time,spearman_bifurc,bifurc,0.7731990446934176
20260528_012,Timeformer,Memory-Augmented,path_length,stable,2.778815036639571
20260528_012,Timeformer,Memory-Augmented,directed_drift,stable,11.032796930521727
20260528_012,Timeformer,Memory-Augmented,path_length,drift,1.6018933057785034
20260528_012,Timeformer,Memory-Augmented,directed_drift,drift,17.504779314994813
20260528_012,Timeformer,Memory-Augmented,path_length,bifurc,2.0229900293052197
20260528_012,Timeformer,Memory-Augmented,directed_drift,bifurc,14.2492313512734
20260528_012,Timeformer,Memory-Augmented,path_contrast_drift_minus_stable,drift-stable,-1.1769217308610678
20260528_012,Timeformer,Memory-Augmented,directed_contrast_drift_minus_stable,drift-stable,6.471982384473087
20260528_012,Timeformer,Memory-Augmented,spearman_drift,drift,0.9608686526542712
20260528_012,Timeformer,Memory-Augmented,spearman_bifurc,bifurc,0.857987920513523
20260528_013,Static,Standard,path_length,stable,2.839831701829098
20260528_013,Static,Standard,directed_drift,stable,0.36380564980208874
20260528_013,Static,Standard,path_length,drift,0.8539022207260132
20260528_013,Static,Standard,directed_drift,drift,2.2256959341466427
20260528_013,Static,Standard,path_length,bifurc,1.1741783704076494
20260528_013,Static,Standard,directed_drift,bifurc,2.413640658969858
20260528_013,Static,Standard,path_contrast_drift_minus_stable,drift-stable,-1.985929481103085
20260528_013,Static,Standard,directed_contrast_drift_minus_stable,drift-stable,1.861890284344554
20260528_013,Static,Standard,spearman_drift,drift,0.5050035727479556
20260528_013,Static,Standard,spearman_bifurc,bifurc,0.3569576754567073
20260528_013,Additive,Additive,path_length,stable,3.422838361002505
20260528_013,Additive,Additive,directed_drift,stable,5.658694140613079
20260528_013,Additive,Additive,path_length,drift,2.3809571036137642
20260528_013,Additive,Additive,directed_drift,drift,9.631162327528
20260528_013,Additive,Additive,path_length,bifurc,2.5761947887284413
20260528_013,Additive,Additive,directed_drift,bifurc,8.062600425311498
20260528_013,Additive,Additive,path_contrast_drift_minus_stable,drift-stable,-1.0418812573887406
20260528_013,Additive,Additive,directed_contrast_drift_minus_stable,drift-stable,3.97246818691492
20260528_013,Additive,Additive,spearman_drift,drift,0.9263659674629185
20260528_013,Additive,Additive,spearman_bifurc,bifurc,0.8286387262139445
20260528_013,Joint,Token-Time,path_length,stable,3.3254315732920077
20260528_013,Joint,Token-Time,directed_drift,stable,8.757958700880408
20260528_013,Joint,Token-Time,path_length,drift,2.2401777848601343
20260528_013,Joint,Token-Time,directed_drift,drift,16.590930053591727
20260528_013,Joint,Token-Time,path_length,bifurc,2.9000281734125957
20260528_013,Joint,Token-Time,directed_drift,bifurc,15.175968685320445
20260528_013,Joint,Token-Time,path_contrast_drift_minus_stable,drift-stable,-1.0852537884318734
20260528_013,Joint,Token-Time,directed_contrast_drift_minus_stable,drift-stable,7.8329713527113185
20260528_013,Joint,Token-Time,spearman_drift,drift,0.9025435897025034
20260528_013,Joint,Token-Time,spearman_bifurc,bifurc,0.8308096690369393
20260528_013,Timeformer,Memory-Augmented,path_length,stable,0.5744538102298975
20260528_013,Timeformer,Memory-Augmented,directed_drift,stable,7.721010686829686
20260528_013,Timeformer,Memory-Augmented,path_length,drift,2.0294700283557177
20260528_013,Timeformer,Memory-Augmented,directed_drift,drift,16.41606369614601
20260528_013,Timeformer,Memory-Augmented,path_length,bifurc,1.4199210341487611
20260528_013,Timeformer,Memory-Augmented,directed_drift,bifurc,15.624610773154668
20260528_013,Timeformer,Memory-Augmented,path_contrast_drift_minus_stable,drift-stable,1.4550162181258202
20260528_013,Timeformer,Memory-Augmented,directed_contrast_drift_minus_stable,drift-stable,8.695053009316325
20260528_013,Timeformer,Memory-Augmented,spearman_drift,drift,0.7679040935513509
20260528_013,Timeformer,Memory-Augmented,spearman_bifurc,bifurc,0.6420841845556355
20260528_014,Static,Standard,path_length,stable,0.4380330480635166
20260528_014,Static,Standard,directed_drift,stable,-0.6111886985599995
20260528_014,Static,Standard,path_length,drift,0.1782105267047882
20260528_014,Static,Standard,directed_drift,drift,0.5800003277137875
20260528_014,Static,Standard,path_length,bifurc,0.30341864483697073
20260528_014,Static,Standard,directed_drift,bifurc,1.9671028599675213
20260528_014,Static,Standard,path_contrast_drift_minus_stable,drift-stable,-0.2598225213587284
20260528_014,Static,Standard,directed_contrast_drift_minus_stable,drift-stable,1.191189026273787
20260528_014,Static,Standard,spearman_drift,drift,0.32147739999095115
20260528_014,Static,Standard,spearman_bifurc,bifurc,0.23875427490853243
20260528_014,Additive,Additive,path_length,stable,4.085880790837109
20260528_014,Additive,Additive,directed_drift,stable,10.718884035944939
20260528_014,Additive,Additive,path_length,drift,2.845622296491638
20260528_014,Additive,Additive,directed_drift,drift,14.603478875756263
20260528_014,Additive,Additive,path_length,bifurc,3.2999992395884226
20260528_014,Additive,Additive,directed_drift,bifurc,12.84056867659092
20260528_014,Additive,Additive,path_contrast_drift_minus_stable,drift-stable,-1.240258494345471
20260528_014,Additive,Additive,directed_contrast_drift_minus_stable,drift-stable,3.8845948398113244
20260528_014,Additive,Additive,spearman_drift,drift,0.9255952632506002
20260528_014,Additive,Additive,spearman_bifurc,bifurc,0.872291062672257
20260528_014,Joint,Token-Time,path_length,stable,3.5189093621447682
20260528_014,Joint,Token-Time,directed_drift,stable,10.195836819708347
20260528_014,Joint,Token-Time,path_length,drift,2.8325599275529383
20260528_014,Joint,Token-Time,directed_drift,drift,15.230693435668945
20260528_014,Joint,Token-Time,path_length,bifurc,3.0872351891760315
20260528_014,Joint,Token-Time,directed_drift,bifurc,11.028635474187988
20260528_014,Joint,Token-Time,path_contrast_drift_minus_stable,drift-stable,-0.68634943459183
20260528_014,Joint,Token-Time,directed_contrast_drift_minus_stable,drift-stable,5.034856615960598
20260528_014,Joint,Token-Time,spearman_drift,drift,0.8365193475043642
20260528_014,Joint,Token-Time,spearman_bifurc,bifurc,0.7691056905215147
20260528_014,Timeformer,Memory-Augmented,path_length,stable,3.9663218781352043
20260528_014,Timeformer,Memory-Augmented,directed_drift,stable,11.122649986296892
20260528_014,Timeformer,Memory-Augmented,path_length,drift,2.7730599235743285
20260528_014,Timeformer,Memory-Augmented,directed_drift,drift,16.3285488255322
20260528_014,Timeformer,Memory-Augmented,path_length,bifurc,3.0849951319396496
20260528_014,Timeformer,Memory-Augmented,directed_drift,bifurc,13.10541979117053
20260528_014,Timeformer,Memory-Augmented,path_contrast_drift_minus_stable,drift-stable,-1.1932619545608758
20260528_014,Timeformer,Memory-Augmented,directed_contrast_drift_minus_stable,drift-stable,5.2058988392353065
20260528_014,Timeformer,Memory-Augmented,spearman_drift,drift,0.9236423678784776
20260528_014,Timeformer,Memory-Augmented,spearman_bifurc,bifurc,0.8262344603106696
20260528_015,Static,Standard,path_length,stable,1.7616006340831518
20260528_015,Static,Standard,directed_drift,stable,-1.9275527391582727
20260528_015,Static,Standard,path_length,drift,1.458340273797512
20260528_015,Static,Standard,directed_drift,drift,1.4724300175905227
20260528_015,Static,Standard,path_length,bifurc,1.5046697131225042
20260528_015,Static,Standard,directed_drift,bifurc,5.621897952897208
20260528_015,Static,Standard,path_contrast_drift_minus_stable,drift-stable,-0.30326036028563985
20260528_015,Static,Standard,directed_contrast_drift_minus_stable,drift-stable,3.3999827567487957
20260528_015,Static,Standard,spearman_drift,drift,0.3067136236751228
20260528_015,Static,Standard,spearman_bifurc,bifurc,0.2920453960406326
20260528_015,Additive,Additive,path_length,stable,3.8053882324602455
20260528_015,Additive,Additive,directed_drift,stable,9.289066284894943
20260528_015,Additive,Additive,path_length,drift,2.602611155807972
20260528_015,Additive,Additive,directed_drift,drift,12.712274523079396
20260528_015,Additive,Additive,path_length,bifurc,2.74356716551951
20260528_015,Additive,Additive,directed_drift,bifurc,12.239259010979108
20260528_015,Additive,Additive,path_contrast_drift_minus_stable,drift-stable,-1.2027770766522736
20260528_015,Additive,Additive,directed_contrast_drift_minus_stable,drift-stable,3.4232082381844524
20260528_015,Additive,Additive,spearman_drift,drift,0.894088671269972
20260528_015,Additive,Additive,spearman_bifurc,bifurc,0.8519066540269039
20260528_015,Joint,Token-Time,path_length,stable,2.3936293793376535
20260528_015,Joint,Token-Time,directed_drift,stable,7.9164426214993
20260528_015,Joint,Token-Time,path_length,drift,1.7146820819936692
20260528_015,Joint,Token-Time,directed_drift,drift,15.172890071570873
20260528_015,Joint,Token-Time,path_length,bifurc,2.226139470934868
20260528_015,Joint,Token-Time,directed_drift,bifurc,15.088111262236323
20260528_015,Joint,Token-Time,path_contrast_drift_minus_stable,drift-stable,-0.6789472973439843
20260528_015,Joint,Token-Time,directed_contrast_drift_minus_stable,drift-stable,7.2564474500715725
20260528_015,Joint,Token-Time,spearman_drift,drift,0.8892615569392808
20260528_015,Joint,Token-Time,spearman_bifurc,bifurc,0.8252754635662166
20260528_015,Timeformer,Memory-Augmented,path_length,stable,2.1448886217549443
20260528_015,Timeformer,Memory-Augmented,directed_drift,stable,11.06250577326864
20260528_015,Timeformer,Memory-Augmented,path_length,drift,0.9264228213578463
20260528_015,Timeformer,Memory-Augmented,directed_drift,drift,16.57528760135174
20260528_015,Timeformer,Memory-Augmented,path_length,bifurc,2.0748829916119576
20260528_015,Timeformer,Memory-Augmented,directed_drift,bifurc,16.339776726705686
20260528_015,Timeformer,Memory-Augmented,path_contrast_drift_minus_stable,drift-stable,-1.218465800397098
20260528_015,Timeformer,Memory-Augmented,directed_contrast_drift_minus_stable,drift-stable,5.512781828083099
20260528_015,Timeformer,Memory-Augmented,spearman_drift,drift,0.9287838043955258
20260528_015,Timeformer,Memory-Augmented,spearman_bifurc,bifurc,0.8441856648506327
20260528_016,Static,Standard,path_length,stable,0.5792370215058327
20260528_016,Static,Standard,directed_drift,stable,-0.8813079539686441
20260528_016,Static,Standard,path_length,drift,0.30503861904144286
20260528_016,Static,Standard,directed_drift,drift,1.489234710857272
20260528_016,Static,Standard,path_length,bifurc,0.4475066491535732
20260528_016,Static,Standard,directed_drift,bifurc,1.1098799633660488
20260528_016,Static,Standard,path_contrast_drift_minus_stable,drift-stable,-0.2741984024643898
20260528_016,Static,Standard,directed_contrast_drift_minus_stable,drift-stable,2.3705426648259165
20260528_016,Static,Standard,spearman_drift,drift,0.3763910723396103
20260528_016,Static,Standard,spearman_bifurc,bifurc,0.43962186525289937
20260528_016,Additive,Additive,path_length,stable,3.770172788645141
20260528_016,Additive,Additive,directed_drift,stable,7.743905620649457
20260528_016,Additive,Additive,path_length,drift,2.629989545047283
20260528_016,Additive,Additive,directed_drift,drift,12.224141185730696
20260528_016,Additive,Additive,path_length,bifurc,2.8987473089780127
20260528_016,Additive,Additive,directed_drift,bifurc,11.035322695970535
20260528_016,Additive,Additive,path_contrast_drift_minus_stable,drift-stable,-1.1401832435978578
20260528_016,Additive,Additive,directed_contrast_drift_minus_stable,drift-stable,4.480235565081239
20260528_016,Additive,Additive,spearman_drift,drift,0.8637856409669415
20260528_016,Additive,Additive,spearman_bifurc,bifurc,0.8365160023937414
20260528_016,Joint,Token-Time,path_length,stable,3.3583474894985557
20260528_016,Joint,Token-Time,directed_drift,stable,8.887880120426416
20260528_016,Joint,Token-Time,path_length,drift,2.755699947476387
20260528_016,Joint,Token-Time,directed_drift,drift,14.76331942975521
20260528_016,Joint,Token-Time,path_length,bifurc,2.8270905214760984
20260528_016,Joint,Token-Time,directed_drift,bifurc,12.254777823175703
20260528_016,Joint,Token-Time,path_contrast_drift_minus_stable,drift-stable,-0.6026475420221686
20260528_016,Joint,Token-Time,directed_contrast_drift_minus_stable,drift-stable,5.875439309328794
20260528_016,Joint,Token-Time,spearman_drift,drift,0.9195731467768343
20260528_016,Joint,Token-Time,spearman_bifurc,bifurc,0.8418353252395946
20260528_016,Timeformer,Memory-Augmented,path_length,stable,3.551820510532707
20260528_016,Timeformer,Memory-Augmented,directed_drift,stable,10.292643532156944
20260528_016,Timeformer,Memory-Augmented,path_length,drift,2.2019936595112086
20260528_016,Timeformer,Memory-Augmented,directed_drift,drift,15.829973724484443
20260528_016,Timeformer,Memory-Augmented,path_length,bifurc,2.5621605526123727
20260528_016,Timeformer,Memory-Augmented,directed_drift,bifurc,14.756200988377843
20260528_016,Timeformer,Memory-Augmented,path_contrast_drift_minus_stable,drift-stable,-1.3498268510214984
20260528_016,Timeformer,Memory-Augmented,directed_contrast_drift_minus_stable,drift-stable,5.537330192327499
20260528_016,Timeformer,Memory-Augmented,spearman_drift,drift,0.898127962319298
20260528_016,Timeformer,Memory-Augmented,spearman_bifurc,bifurc,0.8294372558527983
20260528_017,Static,Standard,path_length,stable,0.6104041710495949
20260528_017,Static,Standard,directed_drift,stable,-0.1077313469722867
20260528_017,Static,Standard,path_length,drift,0.11835244297981262
20260528_017,Static,Standard,directed_drift,drift,0.8041371490806342
20260528_017,Static,Standard,path_length,bifurc,0.4966960719653538
20260528_017,Static,Standard,directed_drift,bifurc,-0.32173233745353563
20260528_017,Static,Standard,path_contrast_drift_minus_stable,drift-stable,-0.49205172806978226
20260528_017,Static,Standard,directed_contrast_drift_minus_stable,drift-stable,0.9118684960529209
20260528_017,Static,Standard,spearman_drift,drift,0.31736063700050765
20260528_017,Static,Standard,spearman_bifurc,bifurc,0.24049513594879685
20260528_017,Additive,Additive,path_length,stable,3.391642516478896
20260528_017,Additive,Additive,directed_drift,stable,6.744000673294067
20260528_017,Additive,Additive,path_length,drift,2.3361882959492504
20260528_017,Additive,Additive,directed_drift,drift,12.940311056002974
20260528_017,Additive,Additive,path_length,bifurc,2.9153180746361613
20260528_017,Additive,Additive,directed_drift,bifurc,11.684620693325996
20260528_017,Additive,Additive,path_contrast_drift_minus_stable,drift-stable,-1.0554542205296458
20260528_017,Additive,Additive,directed_contrast_drift_minus_stable,drift-stable,6.196310382708907
20260528_017,Additive,Additive,spearman_drift,drift,0.8198114305835391
20260528_017,Additive,Additive,spearman_bifurc,bifurc,0.7981769397089902
20260528_017,Joint,Token-Time,path_length,stable,3.518596335197799
20260528_017,Joint,Token-Time,directed_drift,stable,9.300043836236
20260528_017,Joint,Token-Time,path_length,drift,2.406942238472402
20260528_017,Joint,Token-Time,directed_drift,drift,12.12465134859085
20260528_017,Joint,Token-Time,path_length,bifurc,2.5336238202372834
20260528_017,Joint,Token-Time,directed_drift,bifurc,12.269761185560908
20260528_017,Joint,Token-Time,path_contrast_drift_minus_stable,drift-stable,-1.1116540967253967
20260528_017,Joint,Token-Time,directed_contrast_drift_minus_stable,drift-stable,2.8246075123548504
20260528_017,Joint,Token-Time,spearman_drift,drift,0.8730475991557437
20260528_017,Joint,Token-Time,spearman_bifurc,bifurc,0.8496686565961482
20260528_017,Timeformer,Memory-Augmented,path_length,stable,3.3915565707720816
20260528_017,Timeformer,Memory-Augmented,directed_drift,stable,11.016506047919393
20260528_017,Timeformer,Memory-Augmented,path_length,drift,2.549398843944073
20260528_017,Timeformer,Memory-Augmented,directed_drift,drift,19.004692889750004
20260528_017,Timeformer,Memory-Augmented,path_length,bifurc,2.8054331775222505
20260528_017,Timeformer,Memory-Augmented,directed_drift,bifurc,13.943995752504893
20260528_017,Timeformer,Memory-Augmented,path_contrast_drift_minus_stable,drift-stable,-0.8421577268280087
20260528_017,Timeformer,Memory-Augmented,directed_contrast_drift_minus_stable,drift-stable,7.988186841830611
20260528_017,Timeformer,Memory-Augmented,spearman_drift,drift,0.9426483448856129
20260528_017,Timeformer,Memory-Augmented,spearman_bifurc,bifurc,0.817155651665281
20260528_018,Static,Standard,path_length,stable,1.8501414153724909
20260528_018,Static,Standard,directed_drift,stable,-0.14232063107192516
20260528_018,Static,Standard,path_length,drift,2.025231886096299
20260528_018,Static,Standard,directed_drift,drift,2.5655236430466175
20260528_018,Static,Standard,path_length,bifurc,2.026327490008303
20260528_018,Static,Standard,directed_drift,bifurc,4.033654655729022
20260528_018,Static,Standard,path_contrast_drift_minus_stable,drift-stable,0.1750904707238079
20260528_018,Static,Standard,directed_contrast_drift_minus_stable,drift-stable,2.7078442741185427
20260528_018,Static,Standard,spearman_drift,drift,0.42527867035150624
20260528_018,Static,Standard,spearman_bifurc,bifurc,0.45930169097833085
20260528_018,Additive,Additive,path_length,stable,3.764233438298106
20260528_018,Additive,Additive,directed_drift,stable,8.562217954546213
20260528_018,Additive,Additive,path_length,drift,2.7070799734443427
20260528_018,Additive,Additive,directed_drift,drift,13.876082871854305
20260528_018,Additive,Additive,path_length,bifurc,3.0075876361557414
20260528_018,Additive,Additive,directed_drift,bifurc,14.065790274313517
20260528_018,Additive,Additive,path_contrast_drift_minus_stable,drift-stable,-1.0571534648537635
20260528_018,Additive,Additive,directed_contrast_drift_minus_stable,drift-stable,5.313864917308091
20260528_018,Additive,Additive,spearman_drift,drift,0.8532495474184962
20260528_018,Additive,Additive,spearman_bifurc,bifurc,0.7992863755294407
20260528_018,Joint,Token-Time,path_length,stable,3.5797920731129125
20260528_018,Joint,Token-Time,directed_drift,stable,7.650249857455492
20260528_018,Joint,Token-Time,path_length,drift,2.3330150175839663
20260528_018,Joint,Token-Time,directed_drift,drift,13.856848520040511
20260528_018,Joint,Token-Time,path_length,bifurc,2.803214486156191
20260528_018,Joint,Token-Time,directed_drift,bifurc,11.691698537341185
20260528_018,Joint,Token-Time,path_contrast_drift_minus_stable,drift-stable,-1.2467770555289461
20260528_018,Joint,Token-Time,directed_contrast_drift_minus_stable,drift-stable,6.206598662585019
20260528_018,Joint,Token-Time,spearman_drift,drift,0.8965278787203728
20260528_018,Joint,Token-Time,spearman_bifurc,bifurc,0.7843893961970061
20260528_018,Timeformer,Memory-Augmented,path_length,stable,3.319958748994395
20260528_018,Timeformer,Memory-Augmented,directed_drift,stable,10.052724942564964
20260528_018,Timeformer,Memory-Augmented,path_length,drift,2.5820652689784764
20260528_018,Timeformer,Memory-Augmented,directed_drift,drift,14.969137884676456
20260528_018,Timeformer,Memory-Augmented,path_length,bifurc,2.7654805835336447
20260528_018,Timeformer,Memory-Augmented,directed_drift,bifurc,13.462600722908974
20260528_018,Timeformer,Memory-Augmented,path_contrast_drift_minus_stable,drift-stable,-0.7378934800159187
20260528_018,Timeformer,Memory-Augmented,directed_contrast_drift_minus_stable,drift-stable,4.916412942111492
20260528_018,Timeformer,Memory-Augmented,spearman_drift,drift,0.9001492773305781
20260528_018,Timeformer,Memory-Augmented,spearman_bifurc,bifurc,0.8395160465667948
20260528_019,Static,Standard,path_length,stable,0.3556065410375595
20260528_019,Static,Standard,directed_drift,stable,-0.16431647818535566
20260528_019,Static,Standard,path_length,drift,0.20409498810768129
20260528_019,Static,Standard,directed_drift,drift,0.9533407090231776
20260528_019,Static,Standard,path_length,bifurc,0.32676418338503155
20260528_019,Static,Standard,directed_drift,bifurc,0.5238514212625367
20260528_019,Static,Standard,path_contrast_drift_minus_stable,drift-stable,-0.15151155292987822
20260528_019,Static,Standard,directed_contrast_drift_minus_stable,drift-stable,1.1176571872085332
20260528_019,Static,Standard,spearman_drift,drift,0.41971770326075497
20260528_019,Static,Standard,spearman_bifurc,bifurc,0.4053319899764884
20260528_019,Additive,Additive,path_length,stable,3.551998282549903
20260528_019,Additive,Additive,directed_drift,stable,7.5604349710047245
20260528_019,Additive,Additive,path_length,drift,2.832593020843342
20260528_019,Additive,Additive,directed_drift,drift,12.810753536224365
20260528_019,Additive,Additive,path_length,bifurc,2.8374089045184
20260528_019,Additive,Additive,directed_drift,bifurc,10.553248881229333
20260528_019,Additive,Additive,path_contrast_drift_minus_stable,drift-stable,-0.7194052617065609
20260528_019,Additive,Additive,directed_contrast_drift_minus_stable,drift-stable,5.25031856521964
20260528_019,Additive,Additive,spearman_drift,drift,0.8994384332228936
20260528_019,Additive,Additive,spearman_bifurc,bifurc,0.7984762986738213
20260528_019,Joint,Token-Time,path_length,stable,3.428560255561024
20260528_019,Joint,Token-Time,directed_drift,stable,11.827983748167753
20260528_019,Joint,Token-Time,path_length,drift,1.7118218617513776
20260528_019,Joint,Token-Time,directed_drift,drift,18.030964078009127
20260528_019,Joint,Token-Time,path_length,bifurc,2.428713030580963
20260528_019,Joint,Token-Time,directed_drift,bifurc,17.440904796123505
20260528_019,Joint,Token-Time,path_contrast_drift_minus_stable,drift-stable,-1.7167383938096463
20260528_019,Joint,Token-Time,directed_contrast_drift_minus_stable,drift-stable,6.202980329841374
20260528_019,Joint,Token-Time,spearman_drift,drift,0.8612019471792168
20260528_019,Joint,Token-Time,spearman_bifurc,bifurc,0.6783378459814662
20260528_019,Timeformer,Memory-Augmented,path_length,stable,1.974300580797717
20260528_019,Timeformer,Memory-Augmented,directed_drift,stable,9.448257453739643
20260528_019,Timeformer,Memory-Augmented,path_length,drift,1.3874353282153606
20260528_019,Timeformer,Memory-Augmented,directed_drift,drift,17.781691969931124
20260528_019,Timeformer,Memory-Augmented,path_length,bifurc,1.581419190125806
20260528_019,Timeformer,Memory-Augmented,directed_drift,bifurc,17.02191882474082
20260528_019,Timeformer,Memory-Augmented,path_contrast_drift_minus_stable,drift-stable,-0.5868652525823563
20260528_019,Timeformer,Memory-Augmented,directed_contrast_drift_minus_stable,drift-stable,8.333434516191481
20260528_019,Timeformer,Memory-Augmented,spearman_drift,drift,0.8280033273998242
20260528_019,Timeformer,Memory-Augmented,spearman_bifurc,bifurc,0.7853587054571463
20260528_020,Static,Standard,path_length,stable,0.169733427464962
20260528_020,Static,Standard,directed_drift,stable,1.2145041499752551
20260528_020,Static,Standard,path_length,drift,0.10504847764968872
20260528_020,Static,Standard,directed_drift,drift,1.7383712373673916
20260528_020,Static,Standard,path_length,bifurc,0.31051883527210783
20260528_020,Static,Standard,directed_drift,bifurc,-0.59510862454772
20260528_020,Static,Standard,path_contrast_drift_minus_stable,drift-stable,-0.06468494981527328
20260528_020,Static,Standard,directed_contrast_drift_minus_stable,drift-stable,0.5238670873921365
20260528_020,Static,Standard,spearman_drift,drift,0.3506911229344446
20260528_020,Static,Standard,spearman_bifurc,bifurc,0.2456152955195056
20260528_020,Additive,Additive,path_length,stable,3.5723126367665827
20260528_020,Additive,Additive,directed_drift,stable,7.3339642360806465
20260528_020,Additive,Additive,path_length,drift,2.6626136749982834
20260528_020,Additive,Additive,directed_drift,drift,12.217051546275616
20260528_020,Additive,Additive,path_length,bifurc,2.7378916516900063
20260528_020,Additive,Additive,directed_drift,bifurc,11.795391885297638
20260528_020,Additive,Additive,path_contrast_drift_minus_stable,drift-stable,-0.9096989617682993
20260528_020,Additive,Additive,directed_contrast_drift_minus_stable,drift-stable,4.88308731019497
20260528_020,Additive,Additive,spearman_drift,drift,0.8501059013520461
20260528_020,Additive,Additive,spearman_bifurc,bifurc,0.8185925713942052
20260528_020,Joint,Token-Time,path_length,stable,3.768750709015876
20260528_020,Joint,Token-Time,directed_drift,stable,10.53327402845025
20260528_020,Joint,Token-Time,path_length,drift,2.7625963104888798
20260528_020,Joint,Token-Time,directed_drift,drift,13.370888191461564
20260528_020,Joint,Token-Time,path_length,bifurc,2.846345650564347
20260528_020,Joint,Token-Time,directed_drift,bifurc,11.7525657585689
20260528_020,Joint,Token-Time,path_contrast_drift_minus_stable,drift-stable,-1.0061543985269963
20260528_020,Joint,Token-Time,directed_contrast_drift_minus_stable,drift-stable,2.837614163011313
20260528_020,Joint,Token-Time,spearman_drift,drift,0.8600145920951515
20260528_020,Joint,Token-Time,spearman_bifurc,bifurc,0.8400385909473543
20260528_020,Timeformer,Memory-Augmented,path_length,stable,2.484355993103236
20260528_020,Timeformer,Memory-Augmented,directed_drift,stable,9.463495217263699
20260528_020,Timeformer,Memory-Augmented,path_length,drift,1.3001530319452286
20260528_020,Timeformer,Memory-Augmented,directed_drift,drift,14.937078604102135
20260528_020,Timeformer,Memory-Augmented,path_length,bifurc,2.0896563486728286
20260528_020,Timeformer,Memory-Augmented,directed_drift,bifurc,13.854691456471171
20260528_020,Timeformer,Memory-Augmented,path_contrast_drift_minus_stable,drift-stable,-1.1842029611580074
20260528_020,Timeformer,Memory-Augmented,directed_contrast_drift_minus_stable,drift-stable,5.4735833868384365
20260528_020,Timeformer,Memory-Augmented,spearman_drift,drift,0.8978585352114166
20260528_020,Timeformer,Memory-Augmented,spearman_bifurc,bifurc,0.8402588716524363
20260528_021,Static,Standard,path_length,stable,2.3552246070466936
20260528_021,Static,Standard,directed_drift,stable,-0.42954713478684425
20260528_021,Static,Standard,path_length,drift,0.8635584831237793
20260528_021,Static,Standard,directed_drift,drift,2.331369659304619
20260528_021,Static,Standard,path_length,bifurc,1.3413922957011633
20260528_021,Static,Standard,directed_drift,bifurc,3.397681930235454
20260528_021,Static,Standard,path_contrast_drift_minus_stable,drift-stable,-1.4916661239229143
20260528_021,Static,Standard,directed_contrast_drift_minus_stable,drift-stable,2.760916794091463
20260528_021,Static,Standard,spearman_drift,drift,0.4556205977804111
20260528_021,Static,Standard,spearman_bifurc,bifurc,0.31530844059900287
20260528_021,Additive,Additive,path_length,stable,3.7543208920396864
20260528_021,Additive,Additive,directed_drift,stable,10.5917715318501
20260528_021,Additive,Additive,path_length,drift,2.7356098394840958
20260528_021,Additive,Additive,directed_drift,drift,13.941773523390292
20260528_021,Additive,Additive,path_length,bifurc,3.076745300420693
20260528_021,Additive,Additive,directed_drift,bifurc,11.478076253618513
20260528_021,Additive,Additive,path_contrast_drift_minus_stable,drift-stable,-1.0187110525555907
20260528_021,Additive,Additive,directed_contrast_drift_minus_stable,drift-stable,3.350001991540193
20260528_021,Additive,Additive,spearman_drift,drift,0.8866042795881377
20260528_021,Additive,Additive,spearman_bifurc,bifurc,0.7943474538702991
20260528_021,Joint,Token-Time,path_length,stable,3.301658146083355
20260528_021,Joint,Token-Time,directed_drift,stable,9.02543563209474
20260528_021,Joint,Token-Time,path_length,drift,2.8787867445498705
20260528_021,Joint,Token-Time,directed_drift,drift,13.082895249128342
20260528_021,Joint,Token-Time,path_length,bifurc,2.8909572075520242
20260528_021,Joint,Token-Time,directed_drift,bifurc,11.271997945649284
20260528_021,Joint,Token-Time,path_contrast_drift_minus_stable,drift-stable,-0.42287140153348446
20260528_021,Joint,Token-Time,directed_contrast_drift_minus_stable,drift-stable,4.057459617033601
20260528_021,Joint,Token-Time,spearman_drift,drift,0.9293000465261209
20260528_021,Joint,Token-Time,spearman_bifurc,bifurc,0.810210986970015
20260528_021,Timeformer,Memory-Augmented,path_length,stable,3.175065705552697
20260528_021,Timeformer,Memory-Augmented,directed_drift,stable,12.96918822079897
20260528_021,Timeformer,Memory-Augmented,path_length,drift,2.0058397386223077
20260528_021,Timeformer,Memory-Augmented,directed_drift,drift,19.150216594338417
20260528_021,Timeformer,Memory-Augmented,path_length,bifurc,2.182190626859665
20260528_021,Timeformer,Memory-Augmented,directed_drift,bifurc,17.479214600154332
20260528_021,Timeformer,Memory-Augmented,path_contrast_drift_minus_stable,drift-stable,-1.1692259669303895
20260528_021,Timeformer,Memory-Augmented,directed_contrast_drift_minus_stable,drift-stable,6.181028373539448
20260528_021,Timeformer,Memory-Augmented,spearman_drift,drift,0.9190483451117158
20260528_021,Timeformer,Memory-Augmented,spearman_bifurc,bifurc,0.8472241022226932
20260528_022,Static,Standard,path_length,stable,0.7315672039985657
20260528_022,Static,Standard,directed_drift,stable,0.3107513189315796
20260528_022,Static,Standard,path_length,drift,0.37450661063194274
20260528_022,Static,Standard,directed_drift,drift,1.8939905337989331
20260528_022,Static,Standard,path_length,bifurc,0.5806255212851933
20260528_022,Static,Standard,directed_drift,bifurc,1.8242511302232742
20260528_022,Static,Standard,path_contrast_drift_minus_stable,drift-stable,-0.35706059336662294
20260528_022,Static,Standard,directed_contrast_drift_minus_stable,drift-stable,1.5832392148673535
20260528_022,Static,Standard,spearman_drift,drift,0.509730422607161
20260528_022,Static,Standard,spearman_bifurc,bifurc,0.34877566668015975
20260528_022,Additive,Additive,path_length,stable,4.047259179169487
20260528_022,Additive,Additive,directed_drift,stable,9.268177285790443
20260528_022,Additive,Additive,path_length,drift,2.748732015863061
20260528_022,Additive,Additive,directed_drift,drift,15.116562662273646
20260528_022,Additive,Additive,path_length,bifurc,3.1152032758774504
20260528_022,Additive,Additive,directed_drift,bifurc,12.633574055773872
20260528_022,Additive,Additive,path_contrast_drift_minus_stable,drift-stable,-1.2985271633064257
20260528_022,Additive,Additive,directed_contrast_drift_minus_stable,drift-stable,5.848385376483202
20260528_022,Additive,Additive,spearman_drift,drift,0.9127867315823854
20260528_022,Additive,Additive,spearman_bifurc,bifurc,0.8123198037099977
20260528_022,Joint,Token-Time,path_length,stable,2.694965503644198
20260528_022,Joint,Token-Time,directed_drift,stable,11.022969612851739
20260528_022,Joint,Token-Time,path_length,drift,2.2479733200976626
20260528_022,Joint,Token-Time,directed_drift,drift,15.715137267112732
20260528_022,Joint,Token-Time,path_length,bifurc,2.678833813539573
20260528_022,Joint,Token-Time,directed_drift,bifurc,13.363273209759168
20260528_022,Joint,Token-Time,path_contrast_drift_minus_stable,drift-stable,-0.4469921835465356
20260528_022,Joint,Token-Time,directed_contrast_drift_minus_stable,drift-stable,4.692167654260993
20260528_022,Joint,Token-Time,spearman_drift,drift,0.9245392544287279
20260528_022,Joint,Token-Time,spearman_bifurc,bifurc,0.8340938127936817
20260528_022,Timeformer,Memory-Augmented,path_length,stable,3.629053659387864
20260528_022,Timeformer,Memory-Augmented,directed_drift,stable,10.696577485650778
20260528_022,Timeformer,Memory-Augmented,path_length,drift,2.747656574472785
20260528_022,Timeformer,Memory-Augmented,directed_drift,drift,15.301976186037063
20260528_022,Timeformer,Memory-Augmented,path_length,bifurc,2.8358575041804994
20260528_022,Timeformer,Memory-Augmented,directed_drift,bifurc,13.574924226318087
20260528_022,Timeformer,Memory-Augmented,path_contrast_drift_minus_stable,drift-stable,-0.8813970849150792
20260528_022,Timeformer,Memory-Augmented,directed_contrast_drift_minus_stable,drift-stable,4.605398700386285
20260528_022,Timeformer,Memory-Augmented,spearman_drift,drift,0.9255653331982833
20260528_022,Timeformer,Memory-Augmented,spearman_bifurc,bifurc,0.7976797417047224
20260528_023,Static,Standard,path_length,stable,0.19326849281787872
20260528_023,Static,Standard,directed_drift,stable,-0.44209775142371655
20260528_023,Static,Standard,path_length,drift,0.643544639647007
20260528_023,Static,Standard,directed_drift,drift,1.3798038348555566
20260528_023,Static,Standard,path_length,bifurc,0.4250892060143607
20260528_023,Static,Standard,directed_drift,bifurc,-0.97894486784935
20260528_023,Static,Standard,path_contrast_drift_minus_stable,drift-stable,0.4502761468291283
20260528_023,Static,Standard,directed_contrast_drift_minus_stable,drift-stable,1.8219015862792731
20260528_023,Static,Standard,spearman_drift,drift,0.14988032375133026
20260528_023,Static,Standard,spearman_bifurc,bifurc,0.1707281972671103
20260528_023,Additive,Additive,path_length,stable,3.2352792895399034
20260528_023,Additive,Additive,directed_drift,stable,7.551412373781204
20260528_023,Additive,Additive,path_length,drift,2.646622373908758
20260528_023,Additive,Additive,directed_drift,drift,10.961707915365697
20260528_023,Additive,Additive,path_length,bifurc,2.6599678631339754
20260528_023,Additive,Additive,directed_drift,bifurc,9.120811815772738
20260528_023,Additive,Additive,path_contrast_drift_minus_stable,drift-stable,-0.5886569156311454
20260528_023,Additive,Additive,directed_contrast_drift_minus_stable,drift-stable,3.4102955415844924
20260528_023,Additive,Additive,spearman_drift,drift,0.9214127274313244
20260528_023,Additive,Additive,spearman_bifurc,bifurc,0.8226694954349254
20260528_023,Joint,Token-Time,path_length,stable,2.969134015031159
20260528_023,Joint,Token-Time,directed_drift,stable,10.699423041194677
20260528_023,Joint,Token-Time,path_length,drift,2.578453831630759
20260528_023,Joint,Token-Time,directed_drift,drift,10.848929558694362
20260528_023,Joint,Token-Time,path_length,bifurc,1.8512149463806833
20260528_023,Joint,Token-Time,directed_drift,bifurc,7.672114146607263
20260528_023,Joint,Token-Time,path_contrast_drift_minus_stable,drift-stable,-0.3906801834003999
20260528_023,Joint,Token-Time,directed_contrast_drift_minus_stable,drift-stable,0.14950651749968458
20260528_023,Joint,Token-Time,spearman_drift,drift,0.6560200369435271
20260528_023,Joint,Token-Time,spearman_bifurc,bifurc,0.6377964169875716
20260528_023,Timeformer,Memory-Augmented,path_length,stable,3.0696661872789264
20260528_023,Timeformer,Memory-Augmented,directed_drift,stable,8.23411382548511
20260528_023,Timeformer,Memory-Augmented,path_length,drift,2.1281801044940947
20260528_023,Timeformer,Memory-Augmented,directed_drift,drift,13.60040066242218
20260528_023,Timeformer,Memory-Augmented,path_length,bifurc,2.395076516483511
20260528_023,Timeformer,Memory-Augmented,directed_drift,bifurc,12.346790650061198
20260528_023,Timeformer,Memory-Augmented,path_contrast_drift_minus_stable,drift-stable,-0.9414860827848317
20260528_023,Timeformer,Memory-Augmented,directed_contrast_drift_minus_stable,drift-stable,5.3662868369370695
20260528_023,Timeformer,Memory-Augmented,spearman_drift,drift,0.8690905078413879
20260528_023,Timeformer,Memory-Augmented,spearman_bifurc,bifurc,0.8346260019183969
20260528_024,Static,Standard,path_length,stable,0.9758348651230335
20260528_024,Static,Standard,directed_drift,stable,0.9597560716792941
20260528_024,Static,Standard,path_length,drift,0.5824171483516694
20260528_024,Static,Standard,directed_drift,drift,1.941981951892376
20260528_024,Static,Standard,path_length,bifurc,0.8563272186688015
20260528_024,Static,Standard,directed_drift,bifurc,2.8800434632492915
20260528_024,Static,Standard,path_contrast_drift_minus_stable,drift-stable,-0.39341771677136417
20260528_024,Static,Standard,directed_contrast_drift_minus_stable,drift-stable,0.9822258802130819
20260528_024,Static,Standard,spearman_drift,drift,0.4351368742091549
20260528_024,Static,Standard,spearman_bifurc,bifurc,0.30745037245591417
20260528_024,Additive,Additive,path_length,stable,3.1166906873695552
20260528_024,Additive,Additive,directed_drift,stable,8.068526525050402
20260528_024,Additive,Additive,path_length,drift,2.198655205219984
20260528_024,Additive,Additive,directed_drift,drift,15.702186864614486
20260528_024,Additive,Additive,path_length,bifurc,2.5921807794698646
20260528_024,Additive,Additive,directed_drift,bifurc,14.383875567998205
20260528_024,Additive,Additive,path_contrast_drift_minus_stable,drift-stable,-0.9180354821495711
20260528_024,Additive,Additive,directed_contrast_drift_minus_stable,drift-stable,7.633660339564084
20260528_024,Additive,Additive,spearman_drift,drift,0.8743718501551522
20260528_024,Additive,Additive,spearman_bifurc,bifurc,0.783163562311883
20260528_024,Joint,Token-Time,path_length,stable,2.927442289888859
20260528_024,Joint,Token-Time,directed_drift,stable,10.724229387938976
20260528_024,Joint,Token-Time,path_length,drift,2.5685173544101416
20260528_024,Joint,Token-Time,directed_drift,drift,14.81800254881382
20260528_024,Joint,Token-Time,path_length,bifurc,2.833436528486865
20260528_024,Joint,Token-Time,directed_drift,bifurc,13.164755765880857
20260528_024,Joint,Token-Time,path_contrast_drift_minus_stable,drift-stable,-0.3589249354787172
20260528_024,Joint,Token-Time,directed_contrast_drift_minus_stable,drift-stable,4.093773160874843
20260528_024,Joint,Token-Time,spearman_drift,drift,0.906681230443304
20260528_024,Joint,Token-Time,spearman_bifurc,bifurc,0.8107180453330892
20260528_024,Timeformer,Memory-Augmented,path_length,stable,3.4336622674018145
20260528_024,Timeformer,Memory-Augmented,directed_drift,stable,8.778393730521202
20260528_024,Timeformer,Memory-Augmented,path_length,drift,2.321898960322142
20260528_024,Timeformer,Memory-Augmented,directed_drift,drift,14.06559030264616
20260528_024,Timeformer,Memory-Augmented,path_length,bifurc,2.768723028046744
20260528_024,Timeformer,Memory-Augmented,directed_drift,bifurc,11.090765135628837
20260528_024,Timeformer,Memory-Augmented,path_contrast_drift_minus_stable,drift-stable,-1.1117633070796726
20260528_024,Timeformer,Memory-Augmented,directed_contrast_drift_minus_stable,drift-stable,5.287196572124959
20260528_024,Timeformer,Memory-Augmented,spearman_drift,drift,0.9202604663238372
20260528_024,Timeformer,Memory-Augmented,spearman_bifurc,bifurc,0.7875519928124362
20260528_025,Static,Standard,path_length,stable,0.6369474343955517
20260528_025,Static,Standard,directed_drift,stable,0.37850305903702974
20260528_025,Static,Standard,path_length,drift,0.30417590737342837
20260528_025,Static,Standard,directed_drift,drift,1.5505104526877402
20260528_025,Static,Standard,path_length,bifurc,0.4591204992362431
20260528_025,Static,Standard,directed_drift,bifurc,1.6278497927955218
20260528_025,Static,Standard,path_contrast_drift_minus_stable,drift-stable,-0.3327715270221233
20260528_025,Static,Standard,directed_contrast_drift_minus_stable,drift-stable,1.1720073936507105
20260528_025,Static,Standard,spearman_drift,drift,0.3890916896488014
20260528_025,Static,Standard,spearman_bifurc,bifurc,0.3746896507978038
20260528_025,Additive,Additive,path_length,stable,3.657252708217129
20260528_025,Additive,Additive,directed_drift,stable,9.592579871416092
20260528_025,Additive,Additive,path_length,drift,2.8813752703368665
20260528_025,Additive,Additive,directed_drift,drift,14.57054532393813
20260528_025,Additive,Additive,path_length,bifurc,2.9507253848548447
20260528_025,Additive,Additive,directed_drift,bifurc,13.33814859177385
20260528_025,Additive,Additive,path_contrast_drift_minus_stable,drift-stable,-0.7758774378802626
20260528_025,Additive,Additive,directed_contrast_drift_minus_stable,drift-stable,4.977965452522039
20260528_025,Additive,Additive,spearman_drift,drift,0.8287590665859842
20260528_025,Additive,Additive,spearman_bifurc,bifurc,0.8031907357873835
20260528_025,Joint,Token-Time,path_length,stable,3.385099750594236
20260528_025,Joint,Token-Time,directed_drift,stable,8.871302358806133
20260528_025,Joint,Token-Time,path_length,drift,2.2317091765347867
20260528_025,Joint,Token-Time,directed_drift,drift,15.055146579444408
20260528_025,Joint,Token-Time,path_length,bifurc,3.0695799056972777
20260528_025,Joint,Token-Time,directed_drift,bifurc,12.856850243040494
20260528_025,Joint,Token-Time,path_contrast_drift_minus_stable,drift-stable,-1.1533905740594492
20260528_025,Joint,Token-Time,directed_contrast_drift_minus_stable,drift-stable,6.183844220638274
20260528_025,Joint,Token-Time,spearman_drift,drift,0.8702427689488751
20260528_025,Joint,Token-Time,spearman_bifurc,bifurc,0.7907367160093314
20260528_025,Timeformer,Memory-Augmented,path_length,stable,2.2180058979429305
20260528_025,Timeformer,Memory-Augmented,directed_drift,stable,6.627488721162081
20260528_025,Timeformer,Memory-Augmented,path_length,drift,1.889492455124855
20260528_025,Timeformer,Memory-Augmented,directed_drift,drift,11.848228954523801
20260528_025,Timeformer,Memory-Augmented,path_length,bifurc,2.202852506722723
20260528_025,Timeformer,Memory-Augmented,directed_drift,bifurc,6.718288395021643
20260528_025,Timeformer,Memory-Augmented,path_contrast_drift_minus_stable,drift-stable,-0.3285134428180754
20260528_025,Timeformer,Memory-Augmented,directed_contrast_drift_minus_stable,drift-stable,5.22074023336172
20260528_025,Timeformer,Memory-Augmented,spearman_drift,drift,0.8144787876996642
20260528_025,Timeformer,Memory-Augmented,spearman_bifurc,bifurc,0.7230749309944846
20260528_026,Static,Standard,path_length,stable,0.811064675450325
20260528_026,Static,Standard,directed_drift,stable,0.4007558710873127
20260528_026,Static,Standard,path_length,drift,0.6291537821292877
20260528_026,Static,Standard,directed_drift,drift,2.7416903510689736
20260528_026,Static,Standard,path_length,bifurc,0.6016774943896702
20260528_026,Static,Standard,directed_drift,bifurc,2.0934195273688863
20260528_026,Static,Standard,path_contrast_drift_minus_stable,drift-stable,-0.18191089332103727
20260528_026,Static,Standard,directed_contrast_drift_minus_stable,drift-stable,2.340934479981661
20260528_026,Static,Standard,spearman_drift,drift,0.43217028428858273
20260528_026,Static,Standard,spearman_bifurc,bifurc,0.4416227007723082
20260528_026,Additive,Additive,path_length,stable,3.400519821792841
20260528_026,Additive,Additive,directed_drift,stable,10.886599063873291
20260528_026,Additive,Additive,path_length,drift,2.3302480939775707
20260528_026,Additive,Additive,directed_drift,drift,13.929715716838837
20260528_026,Additive,Additive,path_length,bifurc,2.8454976784331456
20260528_026,Additive,Additive,directed_drift,bifurc,11.934899753757886
20260528_026,Additive,Additive,path_contrast_drift_minus_stable,drift-stable,-1.0702717278152702
20260528_026,Additive,Additive,directed_contrast_drift_minus_stable,drift-stable,3.043116652965546
20260528_026,Additive,Additive,spearman_drift,drift,0.892979207835101
20260528_026,Additive,Additive,spearman_bifurc,bifurc,0.8039809750057648
20260528_026,Joint,Token-Time,path_length,stable,3.180243982700631
20260528_026,Joint,Token-Time,directed_drift,stable,7.8964892933145165
20260528_026,Joint,Token-Time,path_length,drift,2.7605623331386595
20260528_026,Joint,Token-Time,directed_drift,drift,12.770156912878155
20260528_026,Joint,Token-Time,path_length,bifurc,2.763871926282133
20260528_026,Joint,Token-Time,directed_drift,bifurc,10.270584455558232
20260528_026,Joint,Token-Time,path_contrast_drift_minus_stable,drift-stable,-0.4196816495619715
20260528_026,Joint,Token-Time,directed_contrast_drift_minus_stable,drift-stable,4.873667619563639
20260528_026,Joint,Token-Time,spearman_drift,drift,0.8301572302406713
20260528_026,Joint,Token-Time,spearman_bifurc,bifurc,0.6877283745746454
20260528_026,Timeformer,Memory-Augmented,path_length,stable,2.7646377189084888
20260528_026,Timeformer,Memory-Augmented,directed_drift,stable,15.608783449977636
20260528_026,Timeformer,Memory-Augmented,path_length,drift,1.5894591737538577
20260528_026,Timeformer,Memory-Augmented,directed_drift,drift,20.264825995638965
20260528_026,Timeformer,Memory-Augmented,path_length,bifurc,2.4431443943509032
20260528_026,Timeformer,Memory-Augmented,directed_drift,bifurc,15.702347661767687
20260528_026,Timeformer,Memory-Augmented,path_contrast_drift_minus_stable,drift-stable,-1.175178545154631
20260528_026,Timeformer,Memory-Augmented,directed_contrast_drift_minus_stable,drift-stable,4.656042545661329
20260528_026,Timeformer,Memory-Augmented,spearman_drift,drift,0.9549470399148676
20260528_026,Timeformer,Memory-Augmented,spearman_bifurc,bifurc,0.8457275242916866
20260528_027,Static,Standard,path_length,stable,0.7400396913290024
20260528_027,Static,Standard,directed_drift,stable,0.6172191994264722
20260528_027,Static,Standard,path_length,drift,0.9326001971960067
20260528_027,Static,Standard,directed_drift,drift,2.752989536896348
20260528_027,Static,Standard,path_length,bifurc,0.8484159793172564
20260528_027,Static,Standard,directed_drift,bifurc,1.893893865602357
20260528_027,Static,Standard,path_contrast_drift_minus_stable,drift-stable,0.19256050586700435
20260528_027,Static,Standard,directed_contrast_drift_minus_stable,drift-stable,2.135770337469876
20260528_027,Static,Standard,spearman_drift,drift,0.42062517954889983
20260528_027,Static,Standard,spearman_bifurc,bifurc,0.447983832949385
20260528_027,Additive,Additive,path_length,stable,3.7607193971052766
20260528_027,Additive,Additive,directed_drift,stable,11.963083319365978
20260528_027,Additive,Additive,path_length,drift,2.7862840801477433
20260528_027,Additive,Additive,directed_drift,drift,16.09541211128235
20260528_027,Additive,Additive,path_length,bifurc,2.932436708893095
20260528_027,Additive,Additive,directed_drift,bifurc,14.394408349479948
20260528_027,Additive,Additive,path_contrast_drift_minus_stable,drift-stable,-0.9744353169575333
20260528_027,Additive,Additive,directed_contrast_drift_minus_stable,drift-stable,4.132328791916372
20260528_027,Additive,Additive,spearman_drift,drift,0.9195581817506758
20260528_027,Additive,Additive,spearman_bifurc,bifurc,0.7905617623237958
20260528_027,Joint,Token-Time,path_length,stable,2.880517997778952
20260528_027,Joint,Token-Time,directed_drift,stable,12.890909533947706
20260528_027,Joint,Token-Time,path_length,drift,2.0157621541642583
20260528_027,Joint,Token-Time,directed_drift,drift,15.315205750614405
20260528_027,Joint,Token-Time,path_length,bifurc,2.1773854568600655
20260528_027,Joint,Token-Time,directed_drift,bifurc,13.850311036620822
20260528_027,Joint,Token-Time,path_contrast_drift_minus_stable,drift-stable,-0.8647558436146938
20260528_027,Joint,Token-Time,directed_contrast_drift_minus_stable,drift-stable,2.424296216666699
20260528_027,Joint,Token-Time,spearman_drift,drift,0.9190483451117158
20260528_027,Joint,Token-Time,spearman_bifurc,bifurc,0.8338758418841437
20260528_027,Timeformer,Memory-Augmented,path_length,stable,3.182981916179415
20260528_027,Timeformer,Memory-Augmented,directed_drift,stable,10.919655472040176
20260528_027,Timeformer,Memory-Augmented,path_length,drift,2.4688047232106327
20260528_027,Timeformer,Memory-Augmented,directed_drift,drift,15.638056308031082
20260528_027,Timeformer,Memory-Augmented,path_length,bifurc,3.011570108189647
20260528_027,Timeformer,Memory-Augmented,directed_drift,bifurc,14.740781824503626
20260528_027,Timeformer,Memory-Augmented,path_contrast_drift_minus_stable,drift-stable,-0.7141771929687821
20260528_027,Timeformer,Memory-Augmented,directed_contrast_drift_minus_stable,drift-stable,4.718400835990906
20260528_027,Timeformer,Memory-Augmented,spearman_drift,drift,0.9335937996571705
20260528_027,Timeformer,Memory-Augmented,spearman_bifurc,bifurc,0.8521321964167999
20260528_028,Static,Standard,path_length,stable,0.36742960661649704
20260528_028,Static,Standard,directed_drift,stable,0.24116160161793232
20260528_028,Static,Standard,path_length,drift,0.22719879746437072
20260528_028,Static,Standard,directed_drift,drift,1.702005048468709
20260528_028,Static,Standard,path_length,bifurc,0.37917271682194303
20260528_028,Static,Standard,directed_drift,bifurc,1.5853570061070579
20260528_028,Static,Standard,path_contrast_drift_minus_stable,drift-stable,-0.14023080915212632
20260528_028,Static,Standard,directed_contrast_drift_minus_stable,drift-stable,1.4608434468507767
20260528_028,Static,Standard,spearman_drift,drift,0.4543555886750994
20260528_028,Static,Standard,spearman_bifurc,bifurc,0.3260609830246057
20260528_028,Additive,Additive,path_length,stable,3.5931595199508592
20260528_028,Additive,Additive,directed_drift,stable,10.970816068351269
20260528_028,Additive,Additive,path_length,drift,2.560423626098782
20260528_028,Additive,Additive,directed_drift,drift,15.147890147566795
20260528_028,Additive,Additive,path_length,bifurc,2.71543243846723
20260528_028,Additive,Additive,directed_drift,bifurc,11.719697726624352
20260528_028,Additive,Additive,path_contrast_drift_minus_stable,drift-stable,-1.0327358938520774
20260528_028,Additive,Additive,directed_contrast_drift_minus_stable,drift-stable,4.177074079215526
20260528_028,Additive,Additive,spearman_drift,drift,0.9305271327644006
20260528_028,Additive,Additive,spearman_bifurc,bifurc,0.8279192801817624
20260528_028,Joint,Token-Time,path_length,stable,3.032260675332509
20260528_028,Joint,Token-Time,directed_drift,stable,13.025428283959627
20260528_028,Joint,Token-Time,path_length,drift,2.524968847259879
20260528_028,Joint,Token-Time,directed_drift,drift,21.09666622877121
20260528_028,Joint,Token-Time,path_length,bifurc,2.6902597535933768
20260528_028,Joint,Token-Time,directed_drift,bifurc,21.01825881217207
20260528_028,Joint,Token-Time,path_contrast_drift_minus_stable,drift-stable,-0.50729182807263
20260528_028,Joint,Token-Time,directed_contrast_drift_minus_stable,drift-stable,8.071237944811582
20260528_028,Joint,Token-Time,spearman_drift,drift,0.9038091655276235
20260528_028,Joint,Token-Time,spearman_bifurc,bifurc,0.8307487176897881
20260528_028,Timeformer,Memory-Augmented,path_length,stable,3.5224444769555703
20260528_028,Timeformer,Memory-Augmented,directed_drift,stable,7.108453803695738
20260528_028,Timeformer,Memory-Augmented,path_length,drift,2.7504574646241964
20260528_028,Timeformer,Memory-Augmented,directed_drift,drift,13.179019465297461
20260528_028,Timeformer,Memory-Augmented,path_length,bifurc,2.7588095473391667
20260528_028,Timeformer,Memory-Augmented,directed_drift,bifurc,11.094399135027613
20260528_028,Timeformer,Memory-Augmented,path_contrast_drift_minus_stable,drift-stable,-0.7719870123313739
20260528_028,Timeformer,Memory-Augmented,directed_contrast_drift_minus_stable,drift-stable,6.070565661601723
20260528_028,Timeformer,Memory-Augmented,spearman_drift,drift,0.8778362238995946
20260528_028,Timeformer,Memory-Augmented,spearman_bifurc,bifurc,0.8131535592258622
20260528_029,Static,Standard,path_length,stable,1.1775441507343203
20260528_029,Static,Standard,directed_drift,stable,0.3275446640327573
20260528_029,Static,Standard,path_length,drift,0.6444579422473907
20260528_029,Static,Standard,directed_drift,drift,1.9400782264769076
20260528_029,Static,Standard,path_length,bifurc,0.736183371927057
20260528_029,Static,Standard,directed_drift,bifurc,1.9448311515152454
20260528_029,Static,Standard,path_contrast_drift_minus_stable,drift-stable,-0.5330862084869296
20260528_029,Static,Standard,directed_contrast_drift_minus_stable,drift-stable,1.6125335624441504
20260528_029,Static,Standard,spearman_drift,drift,0.45902909038278994
20260528_029,Static,Standard,spearman_bifurc,bifurc,0.3290137531999671
20260528_029,Additive,Additive,path_length,stable,3.4266345258802176
20260528_029,Additive,Additive,directed_drift,stable,7.4511826410889626
20260528_029,Additive,Additive,path_length,drift,2.712560173124075
20260528_029,Additive,Additive,directed_drift,drift,13.245604997873306
20260528_029,Additive,Additive,path_length,bifurc,2.8351974822580814
20260528_029,Additive,Additive,directed_drift,bifurc,10.883314603141375
20260528_029,Additive,Additive,path_contrast_drift_minus_stable,drift-stable,-0.7140743527561426
20260528_029,Additive,Additive,directed_contrast_drift_minus_stable,drift-stable,5.794422356784343
20260528_029,Additive,Additive,spearman_drift,drift,0.8868009789710861
20260528_029,Additive,Additive,spearman_bifurc,bifurc,0.7749566194788465
20260528_029,Joint,Token-Time,path_length,stable,3.377287625800818
20260528_029,Joint,Token-Time,directed_drift,stable,9.174464721232653
20260528_029,Joint,Token-Time,path_length,drift,1.7170741958543658
20260528_029,Joint,Token-Time,directed_drift,drift,15.703548488765955
20260528_029,Joint,Token-Time,path_length,bifurc,2.2945145730461394
20260528_029,Joint,Token-Time,directed_drift,bifurc,10.555000973599297
20260528_029,Joint,Token-Time,path_contrast_drift_minus_stable,drift-stable,-1.6602134299464524
20260528_029,Joint,Token-Time,directed_contrast_drift_minus_stable,drift-stable,6.529083767533303
20260528_029,Joint,Token-Time,spearman_drift,drift,0.9017942560079788
20260528_029,Joint,Token-Time,spearman_bifurc,bifurc,0.8129644634716822
20260528_029,Timeformer,Memory-Augmented,path_length,stable,3.455621308647096
20260528_029,Timeformer,Memory-Augmented,directed_drift,stable,8.458030872046947
20260528_029,Timeformer,Memory-Augmented,path_length,drift,2.4811195135116577
20260528_029,Timeformer,Memory-Augmented,directed_drift,drift,14.151846551895142
20260528_029,Timeformer,Memory-Augmented,path_length,bifurc,1.9981321947915214
20260528_029,Timeformer,Memory-Augmented,directed_drift,bifurc,12.22527743450233
20260528_029,Timeformer,Memory-Augmented,path_contrast_drift_minus_stable,drift-stable,-0.9745017951354384
20260528_029,Timeformer,Memory-Augmented,directed_contrast_drift_minus_stable,drift-stable,5.6938156798481945
20260528_029,Timeformer,Memory-Augmented,spearman_drift,drift,0.9039032637703504
20260528_029,Timeformer,Memory-Augmented,spearman_bifurc,bifurc,0.7938142561067016
20260528_030,Static,Standard,path_length,stable,0.18483363091945648
20260528_030,Static,Standard,directed_drift,stable,0.3553675655275583
20260528_030,Static,Standard,path_length,drift,0.31278610825538633
20260528_030,Static,Standard,directed_drift,drift,1.5065817033872009
20260528_030,Static,Standard,path_length,bifurc,0.3658375633614404
20260528_030,Static,Standard,directed_drift,bifurc,2.2872626472796713
20260528_030,Static,Standard,path_contrast_drift_minus_stable,drift-stable,0.12795247733592985
20260528_030,Static,Standard,directed_contrast_drift_minus_stable,drift-stable,1.1512141378596426
20260528_030,Static,Standard,spearman_drift,drift,0.35142788327364655
20260528_030,Static,Standard,spearman_bifurc,bifurc,0.4055504594325644
20260528_030,Additive,Additive,path_length,stable,3.813668075003079
20260528_030,Additive,Additive,directed_drift,stable,11.47140458226204
20260528_030,Additive,Additive,path_length,drift,2.9847962696105244
20260528_030,Additive,Additive,directed_drift,drift,17.64168523848057
20260528_030,Additive,Additive,path_length,bifurc,2.948888703116349
20260528_030,Additive,Additive,directed_drift,bifurc,15.757845823253904
20260528_030,Additive,Additive,path_contrast_drift_minus_stable,drift-stable,-0.8288718053925548
20260528_030,Additive,Additive,directed_contrast_drift_minus_stable,drift-stable,6.17028065621853
20260528_030,Additive,Additive,spearman_drift,drift,0.9110434032135103
20260528_030,Additive,Additive,spearman_bifurc,bifurc,0.816409640702244
20260528_030,Joint,Token-Time,path_length,stable,3.5807488402351737
20260528_030,Joint,Token-Time,directed_drift,stable,13.394203333184123
20260528_030,Joint,Token-Time,path_length,drift,2.5447323475033046
20260528_030,Joint,Token-Time,directed_drift,drift,18.65021534562111
20260528_030,Joint,Token-Time,path_length,bifurc,2.7498434792671884
20260528_030,Joint,Token-Time,directed_drift,bifurc,18.783671102353505
20260528_030,Joint,Token-Time,path_contrast_drift_minus_stable,drift-stable,-1.0360164927318691
20260528_030,Joint,Token-Time,directed_contrast_drift_minus_stable,drift-stable,5.256012012436987
20260528_030,Joint,Token-Time,spearman_drift,drift,0.9097714218967553
20260528_030,Joint,Token-Time,spearman_bifurc,bifurc,0.8228050854083285
20260528_030,Timeformer,Memory-Augmented,path_length,stable,3.2645496090408415
20260528_030,Timeformer,Memory-Augmented,directed_drift,stable,10.674994590692222
20260528_030,Timeformer,Memory-Augmented,path_length,drift,1.3233136489987374
20260528_030,Timeformer,Memory-Augmented,directed_drift,drift,13.266008506715298
20260528_030,Timeformer,Memory-Augmented,path_length,bifurc,2.0265275506036624
20260528_030,Timeformer,Memory-Augmented,directed_drift,bifurc,14.289518788456917
20260528_030,Timeformer,Memory-Augmented,path_contrast_drift_minus_stable,drift-stable,-1.941235960042104
20260528_030,Timeformer,Memory-Augmented,directed_contrast_drift_minus_stable,drift-stable,2.5910139160230763
20260528_030,Timeformer,Memory-Augmented,spearman_drift,drift,0.8988216873579361
20260528_030,Timeformer,Memory-Augmented,spearman_bifurc,bifurc,0.8281221249121978
20260528_031,Static,Standard,path_length,stable,1.4766861647367477
20260528_031,Static,Standard,directed_drift,stable,0.7469791145995259
20260528_031,Static,Standard,path_length,drift,0.5279354929924012
20260528_031,Static,Standard,directed_drift,drift,2.2807564146816732
20260528_031,Static,Standard,path_length,bifurc,0.9538813573973519
20260528_031,Static,Standard,directed_drift,bifurc,2.309634430600064
20260528_031,Static,Standard,path_contrast_drift_minus_stable,drift-stable,-0.9487506717443466
20260528_031,Static,Standard,directed_contrast_drift_minus_stable,drift-stable,1.5337773000821473
20260528_031,Static,Standard,spearman_drift,drift,0.47924798377775807
20260528_031,Static,Standard,spearman_bifurc,bifurc,0.39224837993609146
20260528_031,Additive,Additive,path_length,stable,4.175194761715829
20260528_031,Additive,Additive,directed_drift,stable,11.26891953125596
20260528_031,Additive,Additive,path_length,drift,2.8499399218708277
20260528_031,Additive,Additive,directed_drift,drift,15.48986100256443
20260528_031,Additive,Additive,path_length,bifurc,3.007762496891831
20260528_031,Additive,Additive,directed_drift,bifurc,12.38005179060357
20260528_031,Additive,Additive,path_contrast_drift_minus_stable,drift-stable,-1.3252548398450017
20260528_031,Additive,Additive,directed_contrast_drift_minus_stable,drift-stable,4.220941471308469
20260528_031,Additive,Additive,spearman_drift,drift,0.930512167738242
20260528_031,Additive,Additive,spearman_bifurc,bifurc,0.8175674920882434
20260528_031,Joint,Token-Time,path_length,stable,3.5359478993341327
20260528_031,Joint,Token-Time,directed_drift,stable,12.578577760607004
20260528_031,Joint,Token-Time,path_length,drift,2.4335332602262496
20260528_031,Joint,Token-Time,directed_drift,drift,14.817886746674777
20260528_031,Joint,Token-Time,path_length,bifurc,2.703972299516733
20260528_031,Joint,Token-Time,directed_drift,bifurc,11.432452691452843
20260528_031,Joint,Token-Time,path_contrast_drift_minus_stable,drift-stable,-1.102414639107883
20260528_031,Joint,Token-Time,directed_contrast_drift_minus_stable,drift-stable,2.2393089860677726
20260528_031,Joint,Token-Time,spearman_drift,drift,0.8691397110056392
20260528_031,Joint,Token-Time,spearman_bifurc,bifurc,0.7983659264981391
20260528_031,Timeformer,Memory-Augmented,path_length,stable,3.692514806520194
20260528_031,Timeformer,Memory-Augmented,directed_drift,stable,11.224903982132673
20260528_031,Timeformer,Memory-Augmented,path_length,drift,2.8244639520999044
20260528_031,Timeformer,Memory-Augmented,directed_drift,drift,15.368606850504875
20260528_031,Timeformer,Memory-Augmented,path_length,bifurc,2.9202004431613853
20260528_031,Timeformer,Memory-Augmented,directed_drift,bifurc,12.76193715419088
20260528_031,Timeformer,Memory-Augmented,path_contrast_drift_minus_stable,drift-stable,-0.8680508544202894
20260528_031,Timeformer,Memory-Augmented,directed_contrast_drift_minus_stable,drift-stable,4.143702868372202
20260528_031,Timeformer,Memory-Augmented,spearman_drift,drift,0.8744552914574968
20260528_031,Timeformer,Memory-Augmented,spearman_bifurc,bifurc,0.7974059130355938
20260528_032,Static,Standard,path_length,stable,0.9548450286965817
20260528_032,Static,Standard,directed_drift,stable,1.1293266122229397
20260528_032,Static,Standard,path_length,drift,0.7683288931846619
20260528_032,Static,Standard,directed_drift,drift,1.9144849950447678
20260528_032,Static,Standard,path_length,bifurc,1.1399159612400191
20260528_032,Static,Standard,directed_drift,bifurc,-1.3944338379161698
20260528_032,Static,Standard,path_contrast_drift_minus_stable,drift-stable,-0.1865161355119198
20260528_032,Static,Standard,directed_contrast_drift_minus_stable,drift-stable,0.785158382821828
20260528_032,Static,Standard,spearman_drift,drift,0.2666501984555073
20260528_032,Static,Standard,spearman_bifurc,bifurc,0.2672576283995565
20260528_032,Additive,Additive,path_length,stable,2.9166168300434947
20260528_032,Additive,Additive,directed_drift,stable,11.521147921681404
20260528_032,Additive,Additive,path_length,drift,2.131927606835961
20260528_032,Additive,Additive,directed_drift,drift,13.878234796226025
20260528_032,Additive,Additive,path_length,bifurc,2.47389309321131
20260528_032,Additive,Additive,directed_drift,bifurc,12.844105390565735
20260528_032,Additive,Additive,path_contrast_drift_minus_stable,drift-stable,-0.7846892232075335
20260528_032,Additive,Additive,directed_contrast_drift_minus_stable,drift-stable,2.3570868745446205
20260528_032,Additive,Additive,spearman_drift,drift,0.8875780886750396
20260528_032,Additive,Additive,spearman_bifurc,bifurc,0.8661286783148135
20260528_032,Joint,Token-Time,path_length,stable,3.352720999100711
20260528_032,Joint,Token-Time,directed_drift,stable,12.803124263882637
20260528_032,Joint,Token-Time,path_length,drift,1.8952412948012352
20260528_032,Joint,Token-Time,directed_drift,drift,17.336520546674727
20260528_032,Joint,Token-Time,path_length,bifurc,2.5892433018556664
20260528_032,Joint,Token-Time,directed_drift,bifurc,13.465986162424088
20260528_032,Joint,Token-Time,path_contrast_drift_minus_stable,drift-stable,-1.457479704299476
20260528_032,Joint,Token-Time,directed_contrast_drift_minus_stable,drift-stable,4.53339628279209
20260528_032,Joint,Token-Time,spearman_drift,drift,0.9256166904054227
20260528_032,Joint,Token-Time,spearman_bifurc,bifurc,0.7737864543778187
20260528_032,Timeformer,Memory-Augmented,path_length,stable,2.374320682953112
20260528_032,Timeformer,Memory-Augmented,directed_drift,stable,13.142489645630121
20260528_032,Timeformer,Memory-Augmented,path_length,drift,1.6620636016130448
20260528_032,Timeformer,Memory-Augmented,directed_drift,drift,18.443017097562553
20260528_032,Timeformer,Memory-Augmented,path_length,bifurc,2.289069625914895
20260528_032,Timeformer,Memory-Augmented,directed_drift,bifurc,14.99679894532476
20260528_032,Timeformer,Memory-Augmented,path_contrast_drift_minus_stable,drift-stable,-0.712257081340067
20260528_032,Timeformer,Memory-Augmented,directed_contrast_drift_minus_stable,drift-stable,5.300527451932432
20260528_032,Timeformer,Memory-Augmented,spearman_drift,drift,0.9215324476405922
20260528_032,Timeformer,Memory-Augmented,spearman_bifurc,bifurc,0.8530011231440033
